season,game_code,num_anot,team_code,player_id,player_name,action_id,action,points,coord_x,coord_y,zone,fastbreak,second_chance,points_off_turnover,minute,console,points_a,points_b,utc,quarter,seconds,make,team_code_a,team_code_b
2018,257,5,ULK,P001324,"MUHAMMED, ALI",2FGM,Two Pointer,2,1.1428571428571428,2.279081632653061,C,0,0,0,1,09:42,2,0,20190517160232,1,18,TRUE,ULK,IST
2018,257,6,IST,P003048,"DUNSTON, BRYANT",2FGA,Missed Two Pointer,0,-0.3163265306122449,2.7178571428571425,B,0,0,0,1,09:19,2,0,20190517160256,1,41,FALSE,ULK,IST
2018,257,10,IST,P003048,"DUNSTON, BRYANT",2FGM,Two Pointer,2,-0.1836734693877551,2.20765306122449,B,0,1,0,1,09:13,2,2,20190517160301,1,47,TRUE,ULK,IST
2018,257,14,ULK,P005159,"GREEN, ERICK",3FGM,Three Pointer,3,-5.948979591836735,6.177040816326531,H,0,0,0,2,08:53,5,2,20190517160341,1,67,TRUE,ULK,IST
2018,257,16,IST,P001833,"MOERMAN, ADRIEN",2FGA,Missed Two Pointer,0,1.9183673469387754,2.4627551020408163,C,0,0,0,2,08:29,5,2,20190517160406,1,91,FALSE,ULK,IST
2018,257,18,ULK,P001324,"MUHAMMED, ALI",2FGA,Missed Two Pointer,0,1.9795918367346939,2.20765306122449,C,0,0,0,2,08:03,5,2,20190517160432,1,117,FALSE,ULK,IST
2018,257,21,IST,P002580,"MICIC, VASILIJE",2FGA,Missed Two Pointer,0,-0.9591836734693877,2.401530612244898,B,0,0,0,3,07:50,5,2,20190517160445,1,130,FALSE,ULK,IST
2018,257,25,IST,P001833,"MOERMAN, ADRIEN",3FGM,Three Pointer,3,-6.26530612244898,5.728061224489796,H,1,0,1,3,07:34,5,5,20190517160502,1,146,TRUE,ULK,IST
2018,257,27,ULK,P005159,"GREEN, ERICK",2FGA,Missed Two Pointer,0,2.622448979591837,6.115816326530612,G,0,0,0,3,07:04,5,5,20190517160531,1,176,FALSE,ULK,IST
2018,257,30,IST,P007200,"LARKIN, SHANE",3FGM,Three Pointer,3,4.479591836734694,7.585204081632654,I,0,0,0,4,06:55,5,8,20190517160540,1,185,TRUE,ULK,IST
2018,257,31,ULK,P006399,"DUVERIOGLU, AHMET",2FGA,Missed Two Pointer,0,-0.3163265306122449,3.4933673469387756,B,0,0,0,4,06:37,5,8,20190517160558,1,203,FALSE,ULK,IST
2018,257,33,IST,P007200,"LARKIN, SHANE",3FGM,Three Pointer,3,-0.37755102040816324,8.799489795918367,H,1,0,0,4,06:32,5,11,20190517160604,1,208,TRUE,ULK,IST
2018,257,34,ULK,P002849,"MELLI, NICOLO",3FGM,Three Pointer,3,3.3877551020408165,8.421938775510204,I,0,0,0,4,06:07,8,11,20190517160629,1,233,TRUE,ULK,IST
2018,257,43,IST,P002580,"MICIC, VASILIJE",2FGM,Two Pointer,2,3.5816326530612246,4.962755102040816,G,0,0,0,5,05:36,8,13,20190517160841,1,264,TRUE,ULK,IST
2018,257,50,IST,P006590,"BEAUBOIS, RODRIGUE",2FGM,Two Pointer,2,-1.2755102040816326,2.4627551020408163,B,0,0,0,5,05:05,10,15,20190517161014,1,295,TRUE,ULK,IST
2018,257,52,ULK,P005159,"GREEN, ERICK",2FGM,Two Pointer,2,-0.826530612244898,2.20765306122449,B,0,0,0,6,04:47,12,15,20190517161032,1,313,TRUE,ULK,IST
2018,257,54,IST,P006590,"BEAUBOIS, RODRIGUE",3FGA,Missed Three Pointer,0,6.142857142857143,5.5341836734693874,I,0,0,0,6,04:28,12,15,20190517161051,1,332,FALSE,ULK,IST
2018,257,56,ULK,P004004,"GUDURIC, MARKO",2FGM,Two Pointer,2,-1.1428571428571428,2.1464285714285714,B,0,0,0,6,04:14,14,15,20190517161105,1,346,TRUE,ULK,IST
2018,257,61,IST,P002580,"MICIC, VASILIJE",2FGA,Missed Two Pointer,0,-5.561224489795919,2.20765306122449,F,0,0,0,7,03:50,14,15,20190517161316,1,370,FALSE,ULK,IST
2018,257,63,ULK,P005159,"GREEN, ERICK",2FGM,Two Pointer,2,-3.9591836734693877,4.258673469387755,F,0,0,0,7,03:30,16,15,20190517161336,1,390,TRUE,ULK,IST
2018,257,64,IST,P002580,"MICIC, VASILIJE",3FGA,Missed Three Pointer,0,5.887755102040816,7.646428571428571,I,0,0,0,7,03:08,16,15,20190517161359,1,412,FALSE,ULK,IST
2018,257,66,IST,P007200,"LARKIN, SHANE",3FGA,Missed Three Pointer,0,-5.36734693877551,6.687244897959184,H,0,0,0,7,03:03,16,15,20190517161404,1,417,FALSE,ULK,IST
2018,257,76,ULK,P005159,"GREEN, ERICK",3FGA,Missed Three Pointer,0,-6.3979591836734695,5.666836734693878,H,0,0,0,8,02:28,17,15,20190517161525,1,452,FALSE,ULK,IST
2018,257,78,ULK,P001926,"SLOUKAS, KOSTAS",3FGA,Missed Three Pointer,0,-6.336734693877551,6.758673469387755,H,0,0,0,8,02:21,17,15,20190517161532,1,459,FALSE,ULK,IST
2018,257,81,IST,P001833,"MOERMAN, ADRIEN",2FGM,Two Pointer,2,-0.1836734693877551,4.5137755102040815,D,0,0,0,9,01:58,17,17,20190517161555,1,482,TRUE,ULK,IST
2018,257,82,ULK,P004004,"GUDURIC, MARKO",2FGA,Missed Two Pointer,0,1.846938775510204,2.4627551020408163,C,0,0,0,9,01:40,17,17,20190517161613,1,500,FALSE,ULK,IST
2018,257,86,ULK,P005159,"GREEN, ERICK",3FGA,Missed Three Pointer,0,6.908163265306122,3.9423469387755103,I,0,0,0,9,01:13,17,17,20190517161641,1,527,FALSE,ULK,IST
2018,257,97,IST,P001833,"MOERMAN, ADRIEN",2FGM,Two Pointer,2,-1.0204081632653061,2.1464285714285714,B,0,0,0,10,00:58,17,19,20190517161929,1,542,TRUE,ULK,IST
2018,257,101,ULK,P001926,"SLOUKAS, KOSTAS",2FGA,Missed Two Pointer,0,4.73469387755102,2.20765306122449,G,0,0,0,10,00:33,17,19,20190517162014,1,567,FALSE,ULK,IST
2018,257,103,IST,P001833,"MOERMAN, ADRIEN",3FGA,Missed Three Pointer,0,-4.928571428571429,7.075,H,0,0,0,10,00:20,17,19,20190517162027,1,580,FALSE,ULK,IST
2018,257,105,IST,P001833,"MOERMAN, ADRIEN",2FGA,Missed Two Pointer,0,-1.9183673469387754,3.044387755102041,B,0,0,0,10,00:12,17,19,20190517162036,1,588,FALSE,ULK,IST
2018,257,107,ULK,P001926,"SLOUKAS, KOSTAS",3FGM,Three Pointer,3,1.1428571428571428,8.993367346938776,I,0,0,0,10,00:04,20,19,20190517162044,1,596,TRUE,ULK,IST
2018,257,108,IST,P006590,"BEAUBOIS, RODRIGUE",3FGA,Missed Three Pointer,0,4.285714285714286,12.840306122448979,I,0,0,0,10,00:00,20,19,20190517162050,1,600,FALSE,ULK,IST
2018,257,114,IST,PLHK,"PLEISS, TIBOR",2FGA,Missed Two Pointer,0,1.846938775510204,1.6974489795918366,C,0,0,0,11,09:43,20,19,20190517162403,2,617,FALSE,ULK,IST
2018,257,118,IST,P002580,"MICIC, VASILIJE",3FGA,Missed Three Pointer,0,4.928571428571429,12.003571428571428,I,0,0,0,11,09:36,20,19,20190517162410,2,624,FALSE,ULK,IST
2018,257,124,IST,P005938,"ANDERSON, JAMES",3FGA,Missed Three Pointer,0,0,9.44234693877551,H,0,0,0,11,09:15,22,19,20190517162530,2,645,FALSE,ULK,IST
2018,257,127,IST,P005938,"ANDERSON, JAMES",3FGM,Three Pointer,3,4.857142857142857,7.462755102040816,I,0,1,0,12,08:56,22,22,20190517162538,2,664,TRUE,ULK,IST
2018,257,129,ULK,P002849,"MELLI, NICOLO",2FGA,Missed Two Pointer,0,2.0408163265306123,2.4627551020408163,C,0,0,0,12,08:39,22,22,20190517162555,2,681,FALSE,ULK,IST
2018,257,133,IST,P002580,"MICIC, VASILIJE",2FGM,Two Pointer,2,-0.8877551020408163,2.279081632653061,B,0,0,0,12,08:20,22,24,20190517162635,2,700,TRUE,ULK,IST
2018,257,134,ULK,P004004,"GUDURIC, MARKO",3FGA,Missed Three Pointer,0,4.73469387755102,7.646428571428571,I,0,0,0,12,08:02,22,24,20190517162653,2,718,FALSE,ULK,IST
2018,257,141,IST,P006590,"BEAUBOIS, RODRIGUE",3FGA,Missed Three Pointer,0,1.1428571428571428,10.023979591836733,I,0,0,0,13,07:37,22,24,20190517162747,2,743,FALSE,ULK,IST
2018,257,145,IST,P002580,"MICIC, VASILIJE",2FGM,Two Pointer,2,-0.3163265306122449,7.075,F,0,1,0,13,07:26,22,26,20190517162818,2,754,TRUE,ULK,IST
2018,257,146,ULK,P004004,"GUDURIC, MARKO",3FGA,Missed Three Pointer,0,-6.908163265306122,4.901530612244898,H,0,0,0,13,07:06,22,26,20190517162839,2,774,FALSE,ULK,IST
2018,257,149,IST,P002580,"MICIC, VASILIJE",3FGM,Three Pointer,3,-2.877551020408163,8.289285714285715,H,0,0,0,14,06:58,22,29,20190517162848,2,782,TRUE,ULK,IST
2018,257,153,ULK,P001926,"SLOUKAS, KOSTAS",3FGM,Three Pointer,3,-1.1428571428571428,8.932142857142857,H,0,0,0,14,06:33,25,29,20190517163048,2,807,TRUE,ULK,IST
2018,257,155,IST,P006590,"BEAUBOIS, RODRIGUE",3FGA,Missed Three Pointer,0,-3.704081632653061,9.064795918367347,H,0,0,0,14,06:20,25,29,20190517163102,2,820,FALSE,ULK,IST
2018,257,157,ULK,P002969,"MAHMUTOGLU, MELIH",3FGM,Three Pointer,3,-4.153061224489796,7.911734693877551,H,0,0,0,14,06:06,28,29,20190517163115,2,834,TRUE,ULK,IST
2018,257,160,IST,P006599,"MOTUM, BROCK",3FGM,Three Pointer,3,-3.3877551020408165,8.350510204081633,H,0,0,0,15,05:50,28,32,20190517163131,2,850,TRUE,ULK,IST
2018,257,162,ULK,P001324,"MUHAMMED, ALI",3FGA,Missed Three Pointer,0,3.836734693877551,8.738265306122448,I,0,0,0,15,05:37,28,32,20190517163144,2,863,FALSE,ULK,IST
2018,257,176,IST,P007200,"LARKIN, SHANE",2FGA,Missed Two Pointer,0,1.336734693877551,2.20765306122449,C,0,0,0,15,05:13,28,32,20190517163248,2,887,FALSE,ULK,IST
2018,257,178,IST,PCPR,"SIMON, KRUNOSLAV",3FGA,Missed Three Pointer,0,4.928571428571429,7.779081632653061,I,0,0,0,15,05:06,28,32,20190517163255,2,894,FALSE,ULK,IST
2018,257,181,ULK,P004866,"KALINIC, NIKOLA",2FGA,Missed Two Pointer,0,-0.9591836734693877,2.085204081632653,B,0,0,0,16,04:52,28,32,20190517163308,2,908,FALSE,ULK,IST
2018,257,183,ULK,P001926,"SLOUKAS, KOSTAS",3FGA,Missed Three Pointer,0,-5.755102040816326,6.370918367346939,H,0,0,0,16,04:45,28,32,20190517163316,2,915,FALSE,ULK,IST
2018,257,185,IST,P005938,"ANDERSON, JAMES",2FGA,Missed Two Pointer,0,1.9795918367346939,3.1668367346938773,C,0,0,0,16,04:27,28,32,20190517163335,2,933,FALSE,ULK,IST
2018,257,189,ULK,P002969,"MAHMUTOGLU, MELIH",2FGM,Two Pointer,2,-3.520408163265306,3.238265306122449,D,0,0,0,16,04:09,30,32,20190517163413,2,951,TRUE,ULK,IST
2018,257,196,ULK,P002969,"MAHMUTOGLU, MELIH",3FGA,Missed Three Pointer,0,-1.2755102040816326,9.248469387755101,H,0,0,0,17,03:37,30,33,20190517163526,2,983,FALSE,ULK,IST
2018,257,206,ULK,P002849,"MELLI, NICOLO",2FGM,Two Pointer,2,0,1.8301020408163264,A,0,0,0,17,03:12,32,35,20190517163650,2,1008,TRUE,ULK,IST
2018,257,209,IST,P007200,"LARKIN, SHANE",3FGM,Three Pointer,3,-2.816326530612245,8.350510204081633,H,0,0,0,18,02:56,32,38,20190517163711,2,1024,TRUE,ULK,IST
2018,257,224,ULK,P004866,"KALINIC, NIKOLA",2FGA,Missed Two Pointer,0,-2.938775510204082,3.299489795918367,D,0,0,0,18,02:03,34,38,20190517163935,2,1077,FALSE,ULK,IST
2018,257,227,IST,P006599,"MOTUM, BROCK",2FGM,Two Pointer,2,1.2755102040816326,2.1464285714285714,C,1,0,0,19,01:57,34,40,20190517163942,2,1083,TRUE,ULK,IST
2018,257,232,ULK,P000925,"VESELY, JAN",2FGM,Two Pointer,2,0,1.3198979591836735,A,0,0,0,19,01:46,36,40,20190517164127,2,1094,TRUE,ULK,IST
2018,257,234,IST,P003048,"DUNSTON, BRYANT",2FGA,Missed Two Pointer,0,0.7653061224489796,3.554591836734694,C,0,0,0,19,01:29,36,40,20190517164144,2,1111,FALSE,ULK,IST
2018,257,237,ULK,P000925,"VESELY, JAN",2FGM,Two Pointer,2,-0.7653061224489796,3.044387755102041,B,0,0,1,19,01:06,38,40,20190517164228,2,1134,TRUE,ULK,IST
2018,257,245,ULK,P004004,"GUDURIC, MARKO",3FGA,Missed Three Pointer,0,3.326530612244898,8.615816326530611,I,0,0,0,20,00:30,38,41,20190517164349,2,1170,FALSE,ULK,IST
2018,257,247,IST,P005938,"ANDERSON, JAMES",3FGM,Three Pointer,3,-4.479591836734694,7.779081632653061,H,0,0,0,20,00:07,38,44,20190517164413,2,1193,TRUE,ULK,IST
2018,257,276,IST,P001833,"MOERMAN, ADRIEN",3FGA,Missed Three Pointer,0,-6.26530612244898,12.962755102040816,H,0,0,0,20,00:02,40,45,20190517164852,2,1198,FALSE,ULK,IST
2018,257,288,ULK,P002849,"MELLI, NICOLO",2FGA,Missed Two Pointer,0,0.6326530612244898,3.687244897959183,C,0,0,0,21,09:46,40,45,20190517170456,3,1214,FALSE,ULK,IST
2018,257,290,ULK,P001324,"MUHAMMED, ALI",2FGA,Missed Two Pointer,0,-1.0204081632653061,2.3403061224489794,B,0,0,0,21,09:46,40,45,20190517170500,3,1214,FALSE,ULK,IST
2018,257,292,IST,P007200,"LARKIN, SHANE",2FGM,Two Pointer,2,0.7040816326530612,2.4627551020408163,C,0,0,0,21,09:24,40,47,20190517170508,3,1236,TRUE,ULK,IST
2018,257,293,ULK,P000925,"VESELY, JAN",2FGM,Two Pointer,2,2.173469387755102,4.962755102040816,E,0,0,0,21,09:03,42,47,20190517170528,3,1257,TRUE,ULK,IST
2018,257,299,ULK,P002849,"MELLI, NICOLO",2FGM,Two Pointer,2,-2.938775510204082,2.20765306122449,D,0,0,1,22,08:23,44,47,20190517170656,3,1297,TRUE,ULK,IST
2018,257,301,IST,P007200,"LARKIN, SHANE",2FGM,Two Pointer,2,3.0714285714285716,3.8096938775510205,E,0,0,0,22,08:12,44,49,20190517170710,3,1308,TRUE,ULK,IST
2018,257,303,ULK,P004866,"KALINIC, NIKOLA",2FGA,Missed Two Pointer,0,1.663265306122449,4.197448979591837,E,0,0,0,23,07:43,44,49,20190517170734,3,1337,FALSE,ULK,IST
2018,257,305,IST,P007200,"LARKIN, SHANE",3FGM,Three Pointer,3,-5.755102040816326,7.391326530612245,H,0,0,0,23,07:34,44,52,20190517170746,3,1346,TRUE,ULK,IST
2018,257,310,ULK,P004866,"KALINIC, NIKOLA",3FGM,Three Pointer,3,3.704081632653061,8.166836734693877,I,0,0,0,23,07:01,47,52,20190517170853,3,1379,TRUE,ULK,IST
2018,257,317,IST,P007200,"LARKIN, SHANE",3FGA,Missed Three Pointer,0,-6.142857142857143,5.411734693877551,H,0,0,0,24,06:37,47,52,20190517170917,3,1403,FALSE,ULK,IST
2018,257,320,ULK,P002849,"MELLI, NICOLO",2FGM,Two Pointer,2,-4.6020408163265305,4.5137755102040815,F,0,1,0,24,06:20,49,52,20190517170950,3,1420,TRUE,ULK,IST
2018,257,324,IST,P002580,"MICIC, VASILIJE",2FGM,Two Pointer,2,-1.1428571428571428,2.0137755102040815,B,0,0,0,24,06:00,49,54,20190517171033,3,1440,TRUE,ULK,IST
2018,257,326,ULK,P001324,"MUHAMMED, ALI",3FGA,Missed Three Pointer,0,5.5,6.626020408163265,I,0,0,0,25,05:48,49,54,20190517171043,3,1452,FALSE,ULK,IST
2018,257,328,IST,P002580,"MICIC, VASILIJE",3FGM,Three Pointer,3,-6.775510204081633,5.095408163265306,H,0,0,0,25,05:30,49,57,20190517171100,3,1470,TRUE,ULK,IST
2018,257,330,ULK,P000925,"VESELY, JAN",2FGM,Two Pointer,2,0.8877551020408163,2.1464285714285714,C,0,0,0,25,05:07,51,57,20190517171125,3,1493,TRUE,ULK,IST
2018,257,333,IST,P001833,"MOERMAN, ADRIEN",2FGA,Missed Two Pointer,0,-4.153061224489796,3.299489795918367,D,0,0,0,26,04:47,51,57,20190517171143,3,1513,FALSE,ULK,IST
2018,257,338,ULK,P001324,"MUHAMMED, ALI",2FGM,Two Pointer,2,-1.0204081632653061,2.3403061224489794,B,0,0,0,26,04:32,53,57,20190517171353,3,1528,TRUE,ULK,IST
2018,257,344,ULK,P004866,"KALINIC, NIKOLA",2FGA,Missed Two Pointer,0,1.530612244897959,3.1668367346938773,C,0,0,0,26,04:06,53,57,20190517171654,3,1554,FALSE,ULK,IST
2018,257,347,IST,P007200,"LARKIN, SHANE",2FGM,Two Pointer,2,-1.336734693877551,1.9525510204081633,B,0,0,0,27,03:43,53,59,20190517171717,3,1577,TRUE,ULK,IST
2018,257,348,ULK,P000925,"VESELY, JAN",2FGM,Two Pointer,2,-1.1428571428571428,4.575,D,0,0,0,27,03:29,55,59,20190517171732,3,1591,TRUE,ULK,IST
2018,257,350,IST,P005938,"ANDERSON, JAMES",3FGM,Three Pointer,3,-0.5102040816326531,9.503571428571428,H,0,0,0,27,03:15,55,62,20190517171746,3,1605,TRUE,ULK,IST
2018,257,353,ULK,P002849,"MELLI, NICOLO",3FGA,Missed Three Pointer,0,6.204081632653061,7.646428571428571,I,0,0,0,28,02:52,55,62,20190517171809,3,1628,FALSE,ULK,IST
2018,257,370,IST,P005938,"ANDERSON, JAMES",3FGA,Missed Three Pointer,0,-4.795918367346939,8.095408163265306,H,0,0,0,28,02:06,55,64,20190517172014,3,1674,FALSE,ULK,IST
2018,257,381,ULK,P001926,"SLOUKAS, KOSTAS",2FGA,Missed Two Pointer,0,1.663265306122449,6.177040816326531,G,0,0,0,29,01:32,55,66,20190517172320,3,1708,FALSE,ULK,IST
2018,257,383,IST,P007200,"LARKIN, SHANE",2FGM,Two Pointer,2,-1.2755102040816326,1.9525510204081633,B,0,0,0,29,01:07,55,68,20190517172345,3,1733,TRUE,ULK,IST
2018,257,393,IST,P002580,"MICIC, VASILIJE",3FGA,Missed Three Pointer,0,1.0204081632653061,9.187244897959184,I,0,0,0,30,00:26,57,68,20190517172528,3,1774,FALSE,ULK,IST
2018,257,395,ULK,P002969,"MAHMUTOGLU, MELIH",3FGA,Missed Three Pointer,0,6.714285714285714,4.258673469387755,I,0,0,0,30,00:03,57,68,20190517172551,3,1797,FALSE,ULK,IST
2018,257,397,IST,P003048,"DUNSTON, BRYANT",3FGA,Missed Three Pointer,0,-5.051020408163265,12.258673469387755,H,0,0,0,30,00:00,57,68,20190517172556,3,1800,FALSE,ULK,IST
2018,257,405,IST,P002580,"MICIC, VASILIJE",3FGM,Three Pointer,3,-6.969387755102041,3.3607142857142858,H,0,0,0,31,09:41,57,71,20190517172900,4,1819,TRUE,ULK,IST
2018,257,412,ULK,P001926,"SLOUKAS, KOSTAS",3FGA,Missed Three Pointer,0,5.36734693877551,7.462755102040816,I,0,0,0,32,08:43,57,71,20190517172957,4,1877,FALSE,ULK,IST
2018,257,420,ULK,P001324,"MUHAMMED, ALI",2FGA,Missed Two Pointer,0,1.1428571428571428,2.983163265306122,C,0,0,0,32,08:32,57,71,20190517173045,4,1888,FALSE,ULK,IST
2018,257,424,ULK,P001926,"SLOUKAS, KOSTAS",2FGA,Missed Two Pointer,0,4.928571428571429,3.8096938775510205,G,0,0,0,32,08:31,57,71,20190517173050,4,1889,FALSE,ULK,IST
2018,257,426,IST,P002580,"MICIC, VASILIJE",2FGM,Two Pointer,2,1.0816326530612246,2.4627551020408163,C,0,0,0,32,08:07,57,73,20190517173109,4,1913,TRUE,ULK,IST
2018,257,432,ULK,P004004,"GUDURIC, MARKO",2FGA,Missed Two Pointer,0,2.489795918367347,1.8301020408163264,C,0,0,0,33,07:49,57,73,20190517173306,4,1931,FALSE,ULK,IST
2018,257,434,IST,P001833,"MOERMAN, ADRIEN",2FGA,Missed Two Pointer,0,0.8877551020408163,2.983163265306122,C,0,0,0,33,07:39,57,73,20190517173317,4,1941,FALSE,ULK,IST
2018,257,436,IST,P003048,"DUNSTON, BRYANT",2FGA,Missed Two Pointer,0,0.37755102040816324,2.7178571428571425,C,0,0,0,33,07:37,57,73,20190517173324,4,1943,FALSE,ULK,IST
2018,257,442,ULK,P005159,"GREEN, ERICK",2FGM,Two Pointer,2,-1.2142857142857142,3.299489795918367,B,0,0,0,33,07:18,59,73,20190517173355,4,1962,TRUE,ULK,IST
2018,257,445,IST,P003048,"DUNSTON, BRYANT",2FGM,Two Pointer,2,-1.0816326530612246,2.1464285714285714,B,0,0,0,33,07:05,59,75,20190517173429,4,1975,TRUE,ULK,IST
2018,257,448,ULK,P001926,"SLOUKAS, KOSTAS",2FGM,Two Pointer,2,0.061224489795918366,2.401530612244898,C,0,0,0,34,06:51,61,75,20190517173443,4,1989,TRUE,ULK,IST
2018,257,454,ULK,P001324,"MUHAMMED, ALI",3FGA,Missed Three Pointer,0,0.5714285714285714,10.728061224489796,I,0,0,0,34,06:23,61,75,20190517173539,4,2017,FALSE,ULK,IST
2018,257,458,IST,P007200,"LARKIN, SHANE",3FGA,Missed Three Pointer,0,-2.2346938775510203,11.748469387755101,H,0,0,0,34,06:02,61,75,20190517173634,4,2038,FALSE,ULK,IST
2018,257,465,ULK,P002849,"MELLI, NICOLO",2FGA,Missed Two Pointer,0,1.0816326530612246,3.748469387755102,E,0,0,0,35,05:34,61,75,20190517173718,4,2066,FALSE,ULK,IST
2018,257,471,IST,P002580,"MICIC, VASILIJE",2FGM,Two Pointer,2,-3.5816326530612246,4.064795918367347,D,0,0,0,35,05:14,61,77,20190517173820,4,2086,TRUE,ULK,IST
2018,257,477,ULK,P006961,"BIBEROVIC, TARIK",3FGA,Missed Three Pointer,0,-4.346938775510204,7.84030612244898,H,0,0,0,36,04:58,61,77,20190517173905,4,2102,FALSE,ULK,IST
2018,257,479,IST,P005938,"ANDERSON, JAMES",3FGA,Missed Three Pointer,0,5.948979591836735,6.238265306122449,I,0,0,0,36,04:51,61,77,20190517173924,4,2109,FALSE,ULK,IST
2018,257,481,ULK,P001926,"SLOUKAS, KOSTAS",2FGA,Missed Two Pointer,0,-1.336734693877551,2.595408163265306,B,0,0,0,36,04:15,61,77,20190517173949,4,2145,FALSE,ULK,IST
2018,257,495,ULK,P001926,"SLOUKAS, KOSTAS",2FGA,Missed Two Pointer,0,-0.8877551020408163,3.105612244897959,B,0,0,0,37,03:46,61,79,20190517174122,4,2174,FALSE,ULK,IST
2018,257,497,IST,P007200,"LARKIN, SHANE",3FGM,Three Pointer,3,-0.12244897959183673,9.636224489795918,H,0,0,0,37,03:28,61,82,20190517174140,4,2192,TRUE,ULK,IST
2018,257,503,ULK,P000925,"VESELY, JAN",2FGM,Two Pointer,2,0.12244897959183673,1.4525510204081633,A,0,0,0,37,03:13,63,82,20190517174330,4,2207,TRUE,ULK,IST
2018,257,506,IST,P007200,"LARKIN, SHANE",3FGA,Missed Three Pointer,0,2.36734693877551,9.636224489795918,I,0,0,0,38,02:52,63,82,20190517174352,4,2228,FALSE,ULK,IST
2018,257,514,ULK,P000925,"VESELY, JAN",2FGA,Missed Two Pointer,0,1.336734693877551,2.3403061224489794,C,0,0,0,38,02:42,64,82,20190517174510,4,2238,FALSE,ULK,IST
2018,257,516,IST,P002580,"MICIC, VASILIJE",2FGM,Two Pointer,2,-3,3.4933673469387756,D,0,0,0,38,02:26,64,84,20190517174523,4,2254,TRUE,ULK,IST
2018,257,517,ULK,P004866,"KALINIC, NIKOLA",2FGM,Two Pointer,2,-0.7653061224489796,1.758673469387755,B,0,0,0,38,02:16,66,84,20190517174544,4,2264,TRUE,ULK,IST
2018,257,530,ULK,P004004,"GUDURIC, MARKO",2FGM,Two Pointer,2,0.5714285714285714,2.085204081632653,C,0,0,0,39,01:51,69,86,20190517174737,4,2289,TRUE,ULK,IST
2018,257,536,ULK,P005159,"GREEN, ERICK",2FGM,Two Pointer,2,5.948979591836735,1.1362244897959184,G,0,0,0,39,01:36,71,87,20190517174834,4,2304,TRUE,ULK,IST
2018,257,546,ULK,P004866,"KALINIC, NIKOLA",2FGM,Two Pointer,2,-0.9591836734693877,2.085204081632653,B,0,0,0,39,01:19,73,89,20190517175010,4,2321,TRUE,ULK,IST
2018,257,549,IST,P006599,"MOTUM, BROCK",2FGA,Missed Two Pointer,0,4.857142857142857,2.6566326530612248,G,0,0,0,40,00:47,73,89,20190517175036,4,2353,FALSE,ULK,IST
2018,257,551,IST,P006599,"MOTUM, BROCK",3FGM,Three Pointer,3,-6.653061224489796,5.023979591836735,H,0,1,0,40,00:33,73,92,20190517175050,4,2367,TRUE,ULK,IST
2018,257,553,ULK,P005159,"GREEN, ERICK",2FGA,Missed Two Pointer,0,2.2346938775510203,2.789285714285714,C,0,0,0,40,00:33,73,92,20190517175103,4,2367,FALSE,ULK,IST
2018,258,5,MAD,P005928,"CAMPAZZO, FACUNDO",2FGA,Missed Two Pointer,0,-1.2142857142857142,4.003571428571428,D,0,0,0,1,09:41,0,0,20190517190117,1,19,FALSE,MAD,MAD
2018,258,7,MAD,P005791,"TAVARES, WALTER",2FGM,Two Pointer,2,0,1.3198979591836735,A,0,1,0,1,09:32,0,2,20190517190128,1,28,TRUE,MAD,MAD
2018,258,17,MAD,P005791,"TAVARES, WALTER",2FGM,Two Pointer,2,0,1.8913265306122449,A,0,0,0,2,08:55,1,4,20190517190305,1,65,TRUE,MAD,MAD
2018,258,19,CSK,P002100,"DE COLO, NANDO",2FGA,Missed Two Pointer,0,3.13265306122449,5.921938775510204,G,0,0,0,2,08:35,1,4,20190517190326,1,85,FALSE,MAD,MAD
2018,258,21,MAD,P006546,"TAYLOR, JEFFERY",2FGA,Missed Two Pointer,0,-1.2142857142857142,2.279081632653061,B,0,0,0,2,08:19,1,4,20190517190343,1,101,FALSE,MAD,MAD
2018,258,33,CSK,P004888,"CLYBURN, WILL",3FGM,Three Pointer,3,-4.224489795918367,8.034183673469387,H,0,0,0,3,07:48,6,6,20190517190539,1,132,TRUE,MAD,MAD
2018,258,34,MAD,PBMT,"FERNANDEZ, RUDY",3FGA,Missed Three Pointer,0,3.5816326530612246,8.421938775510204,I,0,0,0,3,07:36,6,6,20190517190551,1,144,FALSE,MAD,MAD
2018,258,36,CSK,P004888,"CLYBURN, WILL",3FGA,Missed Three Pointer,0,-5.5,7.136224489795919,H,0,0,0,3,07:25,6,6,20190517190601,1,155,FALSE,MAD,MAD
2018,258,41,CSK,P002100,"DE COLO, NANDO",3FGA,Missed Three Pointer,0,6.653061224489796,4.003571428571428,I,0,0,0,4,06:55,6,6,20190517190632,1,185,FALSE,MAD,MAD
2018,258,43,MAD,P006546,"TAYLOR, JEFFERY",2FGA,Missed Two Pointer,0,-0.37755102040816324,2.3403061224489794,B,0,0,0,4,06:49,6,6,20190517190638,1,191,FALSE,MAD,MAD
2018,258,45,CSK,P005160,"HUNTER, OTHELLO",2FGA,Missed Two Pointer,0,-0.7653061224489796,1.5137755102040815,A,0,0,0,4,06:42,6,6,20190517190645,1,198,FALSE,MAD,MAD
2018,258,61,MAD,PBMT,"FERNANDEZ, RUDY",2FGM,Two Pointer,2,0.9591836734693877,1.9525510204081633,C,0,0,1,5,05:40,7,10,20190517190937,1,260,TRUE,MAD,MAD
2018,258,62,CSK,P002100,"DE COLO, NANDO",2FGA,Missed Two Pointer,0,-1.469387755102041,2.4627551020408163,B,0,0,0,5,05:25,7,10,20190517190952,1,275,FALSE,MAD,MAD
2018,258,68,MAD,P006546,"TAYLOR, JEFFERY",2FGA,Missed Two Pointer,0,-0.5102040816326531,2.279081632653061,B,0,0,0,5,05:14,7,10,20190517191019,1,286,FALSE,MAD,MAD
2018,258,72,MAD,P005928,"CAMPAZZO, FACUNDO",3FGM,Three Pointer,3,4.795918367346939,7.075,I,0,1,0,5,05:09,7,13,20190517191024,1,291,TRUE,MAD,MAD
2018,258,80,CSK,P004888,"CLYBURN, WILL",2FGA,Missed Two Pointer,0,-4.346938775510204,2.7178571428571425,D,0,0,0,6,04:47,7,13,20190517191226,1,313,FALSE,MAD,MAD
2018,258,82,MAD,P005928,"CAMPAZZO, FACUNDO",2FGA,Missed Two Pointer,0,1.2755102040816326,3.4933673469387756,C,0,0,0,6,04:39,7,13,20190517191234,1,321,FALSE,MAD,MAD
2018,258,88,CSK,P006450,"HIGGINS, CORY",2FGA,Missed Two Pointer,0,-4.408163265306122,3.421938775510204,F,0,0,0,6,04:26,7,13,20190517191304,1,334,FALSE,MAD,MAD
2018,258,90,MAD,P005757,"RANDOLPH, ANTHONY",3FGA,Missed Three Pointer,0,3.836734693877551,8.095408163265306,I,0,0,0,6,04:16,7,13,20190517191315,1,344,FALSE,MAD,MAD
2018,258,92,CSK,P002100,"DE COLO, NANDO",2FGM,Two Pointer,2,-1.0204081632653061,1.575,B,0,0,0,6,04:06,9,13,20190517191339,1,354,TRUE,MAD,MAD
2018,258,95,MAD,P005757,"RANDOLPH, ANTHONY",2FGA,Missed Two Pointer,0,0.4387755102040816,2.3403061224489794,C,0,0,0,7,03:45,9,13,20190517191408,1,375,FALSE,MAD,MAD
2018,258,99,MAD,P005791,"TAVARES, WALTER",2FGM,Two Pointer,2,0.7653061224489796,2.401530612244898,C,0,1,0,7,03:40,9,15,20190517191413,1,380,TRUE,MAD,MAD
2018,258,100,CSK,PCVM,"RODRIGUEZ, SERGIO",2FGM,Two Pointer,2,-0.8877551020408163,2.20765306122449,B,0,0,0,7,03:36,11,15,20190517191418,1,384,TRUE,MAD,MAD
2018,258,108,CSK,PCVM,"RODRIGUEZ, SERGIO",3FGA,Missed Three Pointer,0,3.0714285714285716,8.54438775510204,I,0,0,0,7,03:17,11,15,20190517191511,1,403,FALSE,MAD,MAD
2018,258,110,MAD,P005757,"RANDOLPH, ANTHONY",2FGA,Missed Two Pointer,0,1.9795918367346939,5.095408163265306,E,0,0,0,7,03:04,11,15,20190517191524,1,416,FALSE,MAD,MAD
2018,258,113,CSK,P004888,"CLYBURN, WILL",2FGA,Missed Two Pointer,0,1.1428571428571428,3.105612244897959,C,0,0,0,8,02:39,11,15,20190517191548,1,441,FALSE,MAD,MAD
2018,258,115,MAD,P005757,"RANDOLPH, ANTHONY",2FGM,Two Pointer,2,0.1836734693877551,1.4525510204081633,A,1,0,0,8,02:35,11,17,20190517191554,1,445,TRUE,MAD,MAD
2018,258,122,CSK,P002812,"HINES, KYLE",2FGA,Missed Two Pointer,0,0.1836734693877551,1.575,A,0,0,0,8,02:23,11,18,20190517191649,1,457,FALSE,MAD,MAD
2018,258,132,CSK,PCVM,"RODRIGUEZ, SERGIO",2FGA,Missed Two Pointer,0,-1.5918367346938775,3.044387755102041,B,0,0,0,8,02:15,11,20,20190517191801,1,465,FALSE,MAD,MAD
2018,258,134,MAD,PTGB,"LLULL, SERGIO",2FGM,Two Pointer,2,2.0408163265306123,4.575,E,0,0,0,8,02:05,11,22,20190517191812,1,475,TRUE,MAD,MAD
2018,258,136,CSK,P002812,"HINES, KYLE",2FGM,Two Pointer,2,-0.1836734693877551,3.8096938775510205,B,0,0,0,9,01:45,13,22,20190517191825,1,495,TRUE,MAD,MAD
2018,258,138,MAD,P001960,"CARROLL, JAYCEE",3FGA,Missed Three Pointer,0,-0.12244897959183673,9.891326530612243,H,0,0,0,9,01:26,13,22,20190517191844,1,514,FALSE,MAD,MAD
2018,258,140,CSK,PCVM,"RODRIGUEZ, SERGIO",3FGM,Three Pointer,3,-5.816326530612245,6.370918367346939,H,0,0,0,9,01:18,16,22,20190517191852,1,522,TRUE,MAD,MAD
2018,258,145,MAD,PTGB,"LLULL, SERGIO",2FGA,Missed Two Pointer,0,2.489795918367347,3.044387755102041,E,0,0,0,10,00:57,16,22,20190517192049,1,543,FALSE,MAD,MAD
2018,258,147,CSK,PCVM,"RODRIGUEZ, SERGIO",2FGM,Two Pointer,2,0.7040816326530612,3.421938775510204,C,0,0,0,10,00:39,18,22,20190517192107,1,561,TRUE,MAD,MAD
2018,258,148,MAD,PTGB,"LLULL, SERGIO",3FGA,Missed Three Pointer,0,-3.704081632653061,8.738265306122448,H,0,0,0,10,00:20,18,22,20190517192126,1,580,FALSE,MAD,MAD
2018,258,150,MAD,P005757,"RANDOLPH, ANTHONY",2FGA,Missed Two Pointer,0,0.25510204081632654,3.9423469387755103,E,0,0,0,10,00:05,18,22,20190517192141,1,595,FALSE,MAD,MAD
2018,258,152,CSK,P006450,"HIGGINS, CORY",3FGA,Missed Three Pointer,0,1.846938775510204,8.993367346938776,I,0,0,0,10,00:00,18,22,20190517192148,1,600,FALSE,MAD,MAD
2018,258,158,CSK,P006450,"HIGGINS, CORY",2FGA,Missed Two Pointer,0,-4.928571428571429,2.5341836734693874,F,0,0,0,11,09:46,18,22,20190517192417,2,614,FALSE,MAD,MAD
2018,258,160,MAD,P001960,"CARROLL, JAYCEE",2FGM,Two Pointer,2,-0.5102040816326531,4.901530612244898,D,0,0,0,11,09:31,18,24,20190517192441,2,629,TRUE,MAD,MAD
2018,258,162,CSK,PCVM,"RODRIGUEZ, SERGIO",2FGA,Missed Two Pointer,0,-1.5918367346938775,2.279081632653061,B,0,0,0,11,09:19,18,24,20190517192458,2,641,FALSE,MAD,MAD
2018,258,173,MAD,P005836,"THOMPKINS, TREY",2FGM,Two Pointer,2,0.37755102040816324,4.064795918367347,E,0,0,0,12,08:57,20,26,20190517192612,2,663,TRUE,MAD,MAD
2018,258,174,CSK,P002812,"HINES, KYLE",2FGM,Two Pointer,2,0.5714285714285714,1.758673469387755,A,0,0,0,12,08:40,22,26,20190517192628,2,680,TRUE,MAD,MAD
2018,258,176,MAD,P009005,"DECK, GABRIEL",2FGA,Missed Two Pointer,0,-1.9795918367346939,1.8913265306122449,B,0,0,0,12,08:24,22,26,20190517192643,2,696,FALSE,MAD,MAD
2018,258,185,MAD,PTGB,"LLULL, SERGIO",3FGA,Missed Three Pointer,0,4.346938775510204,8.095408163265306,I,0,0,0,13,07:57,24,26,20190517192821,2,723,FALSE,MAD,MAD
2018,258,187,CSK,PCVM,"RODRIGUEZ, SERGIO",2FGM,Two Pointer,2,-1.2755102040816326,2.20765306122449,B,1,0,0,13,07:48,26,26,20190517192831,2,732,TRUE,MAD,MAD
2018,258,188,MAD,PTGB,"LLULL, SERGIO",2FGA,Missed Two Pointer,0,-1.1428571428571428,3.615816326530612,B,0,0,0,13,07:35,26,26,20190517192844,2,745,FALSE,MAD,MAD
2018,258,190,MAD,P005927,"AYON, GUSTAVO",2FGA,Missed Two Pointer,0,-0.6326530612244898,4.258673469387755,D,0,0,0,13,07:20,26,26,20190517192859,2,760,FALSE,MAD,MAD
2018,258,196,CSK,P002100,"DE COLO, NANDO",2FGA,Missed Two Pointer,0,-4.663265306122449,2.085204081632653,F,0,0,0,13,07:04,26,26,20190517193020,2,776,FALSE,MAD,MAD
2018,258,199,MAD,P001960,"CARROLL, JAYCEE",2FGA,Missed Two Pointer,0,-0.25510204081632654,5.860714285714286,D,0,0,0,14,06:52,26,26,20190517193032,2,788,FALSE,MAD,MAD
2018,258,201,MAD,PTGB,"LLULL, SERGIO",2FGM,Two Pointer,2,-1.0816326530612246,3.687244897959183,B,0,1,0,14,06:37,26,28,20190517193044,2,803,TRUE,MAD,MAD
2018,258,202,CSK,PCVM,"RODRIGUEZ, SERGIO",3FGM,Three Pointer,3,1.7857142857142858,8.993367346938776,I,0,0,0,14,06:23,29,28,20190517193058,2,817,TRUE,MAD,MAD
2018,258,211,CSK,P002812,"HINES, KYLE",2FGM,Two Pointer,2,0.061224489795918366,1.575,A,0,0,0,15,05:50,31,31,20190517193239,2,850,TRUE,MAD,MAD
2018,258,220,MAD,P001392,"CAUSEUR, FABIEN",2FGM,Two Pointer,2,0.8877551020408163,1.758673469387755,C,1,0,1,15,05:21,31,33,20190517193332,2,879,TRUE,MAD,MAD
2018,258,228,CSK,P008829,"PETERS, ALEC",3FGM,Three Pointer,3,6.459183673469388,5.095408163265306,I,0,0,0,15,05:05,34,33,20190517193426,2,895,TRUE,MAD,MAD
2018,258,231,MAD,P001392,"CAUSEUR, FABIEN",3FGM,Three Pointer,3,-3.642857142857143,7.97295918367347,H,0,0,0,16,04:49,34,36,20190517193443,2,911,TRUE,MAD,MAD
2018,258,233,CSK,PCVM,"RODRIGUEZ, SERGIO",2FGM,Two Pointer,2,2.0408163265306123,4.70765306122449,E,0,0,0,16,04:31,36,36,20190517193501,2,929,TRUE,MAD,MAD
2018,258,234,MAD,P005928,"CAMPAZZO, FACUNDO",2FGA,Missed Two Pointer,0,-1.0816326530612246,2.4627551020408163,B,0,0,0,16,04:09,36,36,20190517193523,2,951,FALSE,MAD,MAD
2018,258,236,MAD,P005927,"AYON, GUSTAVO",2FGA,Missed Two Pointer,0,0.5714285714285714,2.7178571428571425,C,0,0,0,16,04:06,36,36,20190517193527,2,954,FALSE,MAD,MAD
2018,258,245,MAD,P005927,"AYON, GUSTAVO",2FGA,Missed Two Pointer,0,1.5918367346938775,2.085204081632653,C,0,0,0,17,03:27,36,36,20190517193917,2,993,FALSE,MAD,MAD
2018,258,264,MAD,P001392,"CAUSEUR, FABIEN",2FGM,Two Pointer,2,1.7857142857142858,2.911734693877551,C,0,0,0,18,02:23,36,38,20190517194222,2,1057,TRUE,MAD,MAD
2018,258,271,MAD,P001392,"CAUSEUR, FABIEN",2FGM,Two Pointer,2,1.4081632653061225,1.8913265306122449,C,0,0,0,19,01:46,37,40,20190517194351,2,1094,TRUE,MAD,MAD
2018,258,284,MAD,P005836,"THOMPKINS, TREY",3FGM,Three Pointer,3,-2.7448979591836733,8.738265306122448,H,0,0,1,19,01:21,37,43,20190517194557,2,1119,TRUE,MAD,MAD
2018,258,288,MAD,P005836,"THOMPKINS, TREY",3FGA,Missed Three Pointer,0,-0.25510204081632654,9.248469387755101,H,0,0,0,20,00:50,37,43,20190517194643,2,1150,FALSE,MAD,MAD
2018,258,290,CSK,P004888,"CLYBURN, WILL",2FGM,Two Pointer,2,-0.9591836734693877,2.401530612244898,B,0,0,0,20,00:34,39,43,20190517194702,2,1166,TRUE,MAD,MAD
2018,258,297,MAD,P005928,"CAMPAZZO, FACUNDO",2FGA,Missed Two Pointer,0,1.2755102040816326,2.4627551020408163,C,0,0,0,20,00:09,40,43,20190517194934,2,1191,FALSE,MAD,MAD
2018,258,299,MAD,P005836,"THOMPKINS, TREY",2FGM,Two Pointer,2,-0.5714285714285714,2.4627551020408163,B,0,1,0,20,00:06,40,45,20190517194937,2,1194,TRUE,MAD,MAD
2018,258,300,CSK,P004888,"CLYBURN, WILL",3FGM,Three Pointer,3,-4.346938775510204,9.830102040816326,H,0,0,0,20,00:01,43,45,20190517194942,2,1199,TRUE,MAD,MAD
2018,258,312,MAD,P005928,"CAMPAZZO, FACUNDO",2FGA,Missed Two Pointer,0,-3.4489795918367347,3.9423469387755103,D,0,0,0,21,09:46,43,45,20190517200544,3,1214,FALSE,MAD,MAD
2018,258,314,CSK,P006450,"HIGGINS, CORY",3FGA,Missed Three Pointer,0,3.13265306122449,8.483163265306121,I,0,0,0,21,09:34,43,45,20190517200557,3,1226,FALSE,MAD,MAD
2018,258,316,MAD,PBMT,"FERNANDEZ, RUDY",3FGM,Three Pointer,3,-2.5510204081632653,8.421938775510204,H,0,0,0,21,09:20,43,48,20190517200610,3,1240,TRUE,MAD,MAD
2018,258,318,CSK,PCVM,"RODRIGUEZ, SERGIO",3FGA,Missed Three Pointer,0,2.173469387755102,10.595408163265306,I,0,0,0,22,08:53,43,48,20190517200722,3,1267,FALSE,MAD,MAD
2018,258,320,CSK,P004888,"CLYBURN, WILL",2FGM,Two Pointer,2,0.12244897959183673,1.4525510204081633,A,0,1,0,22,08:38,45,48,20190517200739,3,1282,TRUE,MAD,MAD
2018,258,329,CSK,P004888,"CLYBURN, WILL",2FGA,Missed Two Pointer,0,0.12244897959183673,3.748469387755102,C,0,0,0,22,08:06,46,49,20190517200938,3,1314,FALSE,MAD,MAD
2018,258,347,CSK,P002100,"DE COLO, NANDO",3FGA,Missed Three Pointer,0,-3.642857142857143,8.166836734693877,H,0,0,0,23,07:27,46,51,20190517201210,3,1353,FALSE,MAD,MAD
2018,258,349,CSK,PCVM,"RODRIGUEZ, SERGIO",2FGA,Missed Two Pointer,0,-0.3163265306122449,2.983163265306122,B,0,0,0,23,07:19,46,51,20190517201218,3,1361,FALSE,MAD,MAD
2018,258,351,MAD,P005757,"RANDOLPH, ANTHONY",2FGA,Missed Two Pointer,0,2.938775510204082,2.5341836734693874,E,0,0,0,23,07:17,46,51,20190517201226,3,1363,FALSE,MAD,MAD
2018,258,358,MAD,P005928,"CAMPAZZO, FACUNDO",2FGM,Two Pointer,2,2.0408163265306123,4.830102040816326,E,0,0,0,24,06:44,48,53,20190517201352,3,1396,TRUE,MAD,MAD
2018,258,362,CSK,P002812,"HINES, KYLE",2FGA,Missed Two Pointer,0,-1.5918367346938775,1.8301020408163264,B,0,0,0,24,06:26,48,54,20190517201439,3,1414,FALSE,MAD,MAD
2018,258,366,MAD,P005927,"AYON, GUSTAVO",2FGM,Two Pointer,2,-0.25510204081632654,4.901530612244898,D,0,0,0,24,06:12,48,56,20190517201454,3,1428,TRUE,MAD,MAD
2018,258,381,MAD,P005928,"CAMPAZZO, FACUNDO",2FGM,Two Pointer,2,-1.1428571428571428,1.6974489795918366,B,0,0,0,25,05:35,50,58,20190517201745,3,1465,TRUE,MAD,MAD
2018,258,391,MAD,P005757,"RANDOLPH, ANTHONY",3FGM,Three Pointer,3,3.4489795918367347,8.034183673469387,I,0,0,1,25,05:06,50,61,20190517201843,3,1494,TRUE,MAD,MAD
2018,258,395,CSK,P008829,"PETERS, ALEC",2FGA,Missed Two Pointer,0,0.9591836734693877,2.5341836734693874,C,0,0,0,26,04:42,50,61,20190517202056,3,1518,FALSE,MAD,MAD
2018,258,410,MAD,P001392,"CAUSEUR, FABIEN",2FGM,Two Pointer,2,2.173469387755102,2.595408163265306,C,0,0,0,26,04:03,51,65,20190517202426,3,1557,TRUE,MAD,MAD
2018,258,412,CSK,P002100,"DE COLO, NANDO",3FGM,Three Pointer,3,5.183673469387755,6.94234693877551,I,0,0,0,27,03:45,54,65,20190517202441,3,1575,TRUE,MAD,MAD
2018,258,432,MAD,PTGB,"LLULL, SERGIO",3FGA,Missed Three Pointer,0,-3.2551020408163267,9.248469387755101,H,0,0,0,27,03:04,56,66,20190517202754,3,1616,FALSE,MAD,MAD
2018,258,435,CSK,PCVM,"RODRIGUEZ, SERGIO",2FGA,Missed Two Pointer,0,1.1428571428571428,2.789285714285714,C,0,0,0,28,02:41,56,66,20190517202804,3,1639,FALSE,MAD,MAD
2018,258,437,MAD,P001392,"CAUSEUR, FABIEN",2FGM,Two Pointer,2,-0.4387755102040816,1.6974489795918366,A,1,0,0,28,02:41,56,68,20190517202811,3,1639,TRUE,MAD,MAD
2018,258,443,MAD,PTGB,"LLULL, SERGIO",2FGM,Two Pointer,2,-0.37755102040816324,3.238265306122449,B,0,0,0,28,02:06,58,70,20190517202936,3,1674,TRUE,MAD,MAD
2018,258,457,CSK,P006450,"HIGGINS, CORY",2FGA,Missed Two Pointer,0,0.37755102040816324,1.9525510204081633,C,0,0,0,29,01:23,60,71,20190517203201,3,1717,FALSE,MAD,MAD
2018,258,459,CSK,P005160,"HUNTER, OTHELLO",2FGM,Two Pointer,2,0.3163265306122449,1.4525510204081633,A,0,1,1,29,01:19,62,71,20190517203204,3,1721,TRUE,MAD,MAD
2018,258,461,MAD,P009005,"DECK, GABRIEL",2FGM,Two Pointer,2,-0.9591836734693877,2.085204081632653,B,0,0,0,30,00:58,62,73,20190517203226,3,1742,TRUE,MAD,MAD
2018,258,463,CSK,PCVM,"RODRIGUEZ, SERGIO",3FGM,Three Pointer,3,0.1836734693877551,9.248469387755101,I,0,0,0,30,00:49,65,73,20190517203235,3,1751,TRUE,MAD,MAD
2018,258,468,MAD,PTGB,"LLULL, SERGIO",3FGA,Missed Three Pointer,0,4.989795918367347,12.452551020408162,I,0,0,0,30,00:00,65,73,20190517203513,3,1800,FALSE,MAD,MAD
2018,258,474,CSK,P005160,"HUNTER, OTHELLO",2FGM,Two Pointer,2,3.13265306122449,1.8913265306122449,E,0,0,0,31,09:39,67,73,20190517203800,4,1821,TRUE,MAD,MAD
2018,258,476,MAD,P001392,"CAUSEUR, FABIEN",2FGM,Two Pointer,2,1.0816326530612246,2.401530612244898,C,0,0,0,31,09:20,67,75,20190517203817,4,1840,TRUE,MAD,MAD
2018,258,480,CSK,PCVM,"RODRIGUEZ, SERGIO",2FGM,Two Pointer,2,0.5102040816326531,2.3403061224489794,C,0,0,0,32,08:59,69,75,20190517203914,4,1861,TRUE,MAD,MAD
2018,258,481,MAD,PTGB,"LLULL, SERGIO",2FGM,Two Pointer,2,1.0204081632653061,1.8301020408163264,C,0,0,0,32,08:46,69,77,20190517203929,4,1874,TRUE,MAD,MAD
2018,258,485,CSK,P005160,"HUNTER, OTHELLO",2FGM,Two Pointer,2,-1.0816326530612246,1.9525510204081633,B,0,0,0,32,08:27,71,78,20190517204011,4,1893,TRUE,MAD,MAD
2018,258,491,CSK,P006450,"HIGGINS, CORY",2FGA,Missed Two Pointer,0,-0.9591836734693877,1.8913265306122449,B,0,0,0,33,07:49,71,78,20190517204104,4,1931,FALSE,MAD,MAD
2018,258,497,CSK,P006450,"HIGGINS, CORY",2FGA,Missed Two Pointer,0,1.0816326530612246,2.7178571428571425,C,0,0,0,33,07:49,71,78,20190517204125,4,1931,FALSE,MAD,MAD
2018,258,499,MAD,PTGB,"LLULL, SERGIO",3FGA,Missed Three Pointer,0,2.489795918367347,8.738265306122448,I,0,0,0,33,07:36,71,78,20190517204135,4,1944,FALSE,MAD,MAD
2018,258,501,CSK,P002100,"DE COLO, NANDO",2FGM,Two Pointer,2,0.6326530612244898,1.9525510204081633,C,1,0,0,33,07:30,73,78,20190517204141,4,1950,TRUE,MAD,MAD
2018,258,503,MAD,PTGB,"LLULL, SERGIO",3FGA,Missed Three Pointer,0,2.173469387755102,9.636224489795918,I,0,0,0,33,07:06,73,78,20190517204205,4,1974,FALSE,MAD,MAD
2018,258,506,CSK,P005160,"HUNTER, OTHELLO",2FGA,Missed Two Pointer,0,-4.73469387755102,4.768877551020408,F,0,0,0,34,06:52,73,78,20190517204220,4,1988,FALSE,MAD,MAD
2018,258,508,MAD,PTGB,"LLULL, SERGIO",3FGA,Missed Three Pointer,0,-0.12244897959183673,8.993367346938776,H,0,0,0,34,06:32,73,78,20190517204242,4,2008,FALSE,MAD,MAD
2018,258,525,MAD,P001392,"CAUSEUR, FABIEN",3FGA,Missed Three Pointer,0,0.4387755102040816,10.023979591836733,I,0,0,0,35,05:57,76,78,20190517204637,4,2043,FALSE,MAD,MAD
2018,258,529,CSK,P002100,"DE COLO, NANDO",3FGA,Missed Three Pointer,0,6.336734693877551,6.758673469387755,I,0,0,0,35,05:29,76,78,20190517204726,4,2071,FALSE,MAD,MAD
2018,258,535,MAD,P005836,"THOMPKINS, TREY",2FGM,Two Pointer,2,1.2142857142857142,2.3403061224489794,C,0,0,0,35,05:02,76,80,20190517204821,4,2098,TRUE,MAD,MAD
2018,258,537,CSK,P004888,"CLYBURN, WILL",2FGA,Missed Two Pointer,0,-1.0816326530612246,2.789285714285714,B,0,0,0,36,04:44,76,80,20190517204845,4,2116,FALSE,MAD,MAD
2018,258,539,MAD,PBMT,"FERNANDEZ, RUDY",3FGA,Missed Three Pointer,0,2.489795918367347,9.575,I,0,0,0,36,04:24,76,80,20190517204905,4,2136,FALSE,MAD,MAD
2018,258,541,CSK,P004888,"CLYBURN, WILL",3FGM,Three Pointer,3,5.112244897959184,7.330102040816326,I,0,0,0,36,04:09,79,80,20190517204919,4,2151,TRUE,MAD,MAD
2018,258,544,MAD,P005928,"CAMPAZZO, FACUNDO",3FGA,Missed Three Pointer,0,-1.846938775510204,8.993367346938776,H,0,0,0,37,03:54,79,80,20190517205108,4,2166,FALSE,MAD,MAD
2018,258,554,MAD,P006546,"TAYLOR, JEFFERY",3FGM,Three Pointer,3,-5.36734693877551,6.564795918367347,H,0,0,0,37,03:18,80,83,20190517205248,4,2202,TRUE,MAD,MAD
2018,258,558,CSK,P006450,"HIGGINS, CORY",3FGA,Missed Three Pointer,0,0.7653061224489796,9.187244897959184,I,0,0,0,38,02:54,80,83,20190517205447,4,2226,FALSE,MAD,MAD
2018,258,560,CSK,P005160,"HUNTER, OTHELLO",2FGM,Two Pointer,2,0.9591836734693877,2.401530612244898,C,0,1,0,38,02:50,82,83,20190517205451,4,2230,TRUE,MAD,MAD
2018,258,561,MAD,P005757,"RANDOLPH, ANTHONY",3FGA,Missed Three Pointer,0,-4.285714285714286,8.350510204081633,H,0,0,0,38,02:26,82,83,20190517205515,4,2254,FALSE,MAD,MAD
2018,258,563,MAD,P005757,"RANDOLPH, ANTHONY",2FGM,Two Pointer,2,0,1.5137755102040815,A,0,1,0,38,02:19,82,85,20190517205523,4,2261,TRUE,MAD,MAD
2018,258,565,CSK,P006450,"HIGGINS, CORY",2FGM,Two Pointer,2,0.7653061224489796,1.758673469387755,C,0,0,0,38,02:00,84,85,20190517205555,4,2280,TRUE,MAD,MAD
2018,258,567,MAD,P005928,"CAMPAZZO, FACUNDO",2FGA,Missed Two Pointer,0,1.336734693877551,2.8505102040816324,C,0,0,0,39,01:37,84,85,20190517205619,4,2303,FALSE,MAD,MAD
2018,258,569,CSK,P002100,"DE COLO, NANDO",3FGM,Three Pointer,3,-4.540816326530612,7.84030612244898,H,0,0,0,39,01:21,87,85,20190517205635,4,2319,TRUE,MAD,MAD
2018,258,573,MAD,P005757,"RANDOLPH, ANTHONY",2FGA,Missed Two Pointer,0,1.846938775510204,1.9525510204081633,C,0,0,0,39,01:07,87,85,20190517205830,4,2333,FALSE,MAD,MAD
2018,258,575,MAD,P005757,"RANDOLPH, ANTHONY",2FGA,Missed Two Pointer,0,1.7857142857142858,2.401530612244898,C,0,0,0,39,01:03,87,85,20190517205833,4,2337,FALSE,MAD,MAD
2018,258,606,MAD,PTGB,"LLULL, SERGIO",3FGM,Three Pointer,3,-5.948979591836735,7.20765306122449,H,0,0,0,40,00:17,91,90,20190517210518,4,2383,TRUE,MAD,MAD
2018,258,620,MAD,PTGB,"LLULL, SERGIO",3FGA,Missed Three Pointer,0,-6.336734693877551,6.432142857142857,H,0,0,0,40,00:06,93,90,20190517210704,4,2394,FALSE,MAD,MAD
2018,258,626,MAD,PTGB,"LLULL, SERGIO",3FGA,Missed Three Pointer,0,4.989795918367347,12.064795918367347,I,0,0,0,40,00:02,95,90,20190517210813,4,2398,FALSE,MAD,MAD
2018,259,7,ULK,P004866,"KALINIC, NIKOLA",3FGM,Three Pointer,3,2.877551020408163,8.738265306122448,I,0,0,0,1,09:47,3,0,20190519153124,1,13,TRUE,ULK,MAD
2018,259,9,MAD,PBMT,"FERNANDEZ, RUDY",3FGM,Three Pointer,3,4.479591836734694,8.615816326530611,I,0,0,0,1,09:18,3,3,20190519153148,1,42,TRUE,ULK,MAD
2018,259,16,MAD,P005927,"AYON, GUSTAVO",2FGM,Two Pointer,2,1.0816326530612246,2.085204081632653,C,1,0,1,2,08:45,3,5,20190519153238,1,75,TRUE,ULK,MAD
2018,259,18,ULK,P005159,"GREEN, ERICK",3FGA,Missed Three Pointer,0,4.408163265306122,7.462755102040816,I,0,0,0,2,08:32,3,5,20190519153251,1,88,FALSE,ULK,MAD
2018,259,22,MAD,P005927,"AYON, GUSTAVO",2FGM,Two Pointer,2,1.2755102040816326,2.1464285714285714,C,0,0,0,2,08:01,3,7,20190519153352,1,119,TRUE,ULK,MAD
2018,259,25,ULK,P004866,"KALINIC, NIKOLA",2FGM,Two Pointer,2,-1.0816326530612246,2.401530612244898,B,0,0,0,3,07:40,5,7,20190519153414,1,140,TRUE,ULK,MAD
2018,259,27,MAD,PAAX,"REYES, FELIPE",2FGM,Two Pointer,2,1.5918367346938775,2.279081632653061,C,0,0,0,3,07:29,5,9,20190519153425,1,151,TRUE,ULK,MAD
2018,259,29,ULK,P004004,"GUDURIC, MARKO",3FGA,Missed Three Pointer,0,-4.663265306122449,7.585204081632654,H,0,0,0,3,07:00,5,9,20190519153510,1,180,FALSE,ULK,MAD
2018,259,36,MAD,P001960,"CARROLL, JAYCEE",2FGA,Missed Two Pointer,0,-0.3163265306122449,4.575,D,0,0,0,4,06:49,5,9,20190519153551,1,191,FALSE,ULK,MAD
2018,259,38,ULK,P006961,"BIBEROVIC, TARIK",2FGA,Missed Two Pointer,0,-3.13265306122449,6.054591836734694,F,0,0,0,4,06:19,5,9,20190519153615,1,221,FALSE,ULK,MAD
2018,259,40,ULK,P005159,"GREEN, ERICK",2FGA,Missed Two Pointer,0,2.1122448979591835,1.8913265306122449,C,0,0,0,4,06:09,5,9,20190519153625,1,231,FALSE,ULK,MAD
2018,259,43,MAD,P005927,"AYON, GUSTAVO",2FGM,Two Pointer,2,-1.0204081632653061,2.1464285714285714,B,0,0,0,5,05:56,5,11,20190519153638,1,244,TRUE,ULK,MAD
2018,259,45,ULK,P000494,"GULER, SINAN",3FGA,Missed Three Pointer,0,-4.346938775510204,7.646428571428571,H,0,0,0,5,05:43,5,11,20190519153652,1,257,FALSE,ULK,MAD
2018,259,49,MAD,P005927,"AYON, GUSTAVO",2FGM,Two Pointer,2,0,1.8301020408163264,A,0,0,0,5,05:23,5,13,20190519153728,1,277,TRUE,ULK,MAD
2018,259,51,ULK,P000494,"GULER, SINAN",2FGM,Two Pointer,2,-1.2755102040816326,2.401530612244898,B,0,0,0,5,05:02,7,13,20190519153749,1,298,TRUE,ULK,MAD
2018,259,53,MAD,PAAX,"REYES, FELIPE",2FGM,Two Pointer,2,0.5714285714285714,2.1464285714285714,C,0,0,0,6,04:50,7,15,20190519153802,1,310,TRUE,ULK,MAD
2018,259,69,ULK,P006961,"BIBEROVIC, TARIK",2FGA,Missed Two Pointer,0,1.663265306122449,3.1668367346938773,C,0,0,0,7,03:59,9,15,20190519154158,1,361,FALSE,ULK,MAD
2018,259,71,MAD,P001960,"CARROLL, JAYCEE",3FGM,Three Pointer,3,5.244897959183674,7.268877551020409,I,0,0,0,7,03:42,9,18,20190519154214,1,378,TRUE,ULK,MAD
2018,259,79,ULK,P004866,"KALINIC, NIKOLA",2FGA,Missed Two Pointer,0,-1.2755102040816326,2.401530612244898,B,0,0,0,7,03:09,9,18,20190519154312,1,411,FALSE,ULK,MAD
2018,259,82,MAD,P001960,"CARROLL, JAYCEE",3FGA,Missed Three Pointer,0,-5.5,6.819897959183674,H,0,0,0,8,02:56,9,18,20190519154326,1,424,FALSE,ULK,MAD
2018,259,92,ULK,P002849,"MELLI, NICOLO",3FGA,Missed Three Pointer,0,3.7755102040816326,8.421938775510204,I,0,0,0,8,02:10,9,19,20190519154510,1,470,FALSE,ULK,MAD
2018,259,94,MAD,PBMT,"FERNANDEZ, RUDY",3FGM,Three Pointer,3,5.183673469387755,7.97295918367347,I,0,0,0,8,02:01,9,22,20190519154520,1,479,TRUE,ULK,MAD
2018,259,106,ULK,P001926,"SLOUKAS, KOSTAS",2FGM,Two Pointer,2,1.7244897959183674,7.20765306122449,G,0,0,0,9,01:48,11,22,20190519154713,1,492,TRUE,ULK,MAD
2018,259,107,MAD,P001960,"CARROLL, JAYCEE",3FGA,Missed Three Pointer,0,1.9183673469387754,9.126020408163265,I,0,0,0,9,01:36,11,22,20190519154726,1,504,FALSE,ULK,MAD
2018,259,109,ULK,P002849,"MELLI, NICOLO",2FGA,Missed Two Pointer,0,-2.0408163265306123,2.4627551020408163,B,0,0,0,9,01:23,11,22,20190519154740,1,517,FALSE,ULK,MAD
2018,259,111,MAD,P005836,"THOMPKINS, TREY",2FGA,Missed Two Pointer,0,1.9795918367346939,1.758673469387755,C,0,0,0,9,01:09,11,22,20190519154753,1,531,FALSE,ULK,MAD
2018,259,120,ULK,P001926,"SLOUKAS, KOSTAS",2FGA,Missed Two Pointer,0,-4.928571428571429,2.0137755102040815,F,0,0,0,10,00:54,11,22,20190519154847,1,546,FALSE,ULK,MAD
2018,259,124,ULK,P000925,"VESELY, JAN",2FGM,Two Pointer,2,-1.0204081632653061,2.983163265306122,B,0,0,1,10,00:29,13,22,20190519154912,1,571,TRUE,ULK,MAD
2018,259,151,ULK,P004004,"GUDURIC, MARKO",2FGM,Two Pointer,2,-2.36734693877551,6.503571428571429,F,0,0,1,11,09:29,18,24,20190519155543,2,631,TRUE,ULK,MAD
2018,259,152,MAD,P005791,"TAVARES, WALTER",2FGM,Two Pointer,2,-1.469387755102041,2.401530612244898,B,0,0,0,11,09:13,18,26,20190519155600,2,647,TRUE,ULK,MAD
2018,259,155,ULK,P002849,"MELLI, NICOLO",3FGA,Missed Three Pointer,0,5.816326530612245,6.687244897959184,I,0,0,0,12,08:45,18,26,20190519155643,2,675,FALSE,ULK,MAD
2018,259,161,ULK,P000925,"VESELY, JAN",2FGM,Two Pointer,2,-4.663265306122449,1.8301020408163264,F,1,0,1,12,08:29,20,26,20190519155739,2,691,TRUE,ULK,MAD
2018,259,163,MAD,PTGB,"LLULL, SERGIO",2FGM,Two Pointer,2,0.5102040816326531,3.1668367346938773,C,0,0,0,12,08:05,20,28,20190519155755,2,715,TRUE,ULK,MAD
2018,259,171,ULK,P000925,"VESELY, JAN",2FGA,Missed Two Pointer,0,-0.5714285714285714,6.238265306122449,F,0,0,0,13,07:17,22,28,20190519155933,2,763,FALSE,ULK,MAD
2018,259,173,MAD,P005836,"THOMPKINS, TREY",3FGA,Missed Three Pointer,0,-1.5918367346938775,8.870918367346938,H,0,0,0,13,07:08,22,28,20190519155942,2,772,FALSE,ULK,MAD
2018,259,176,ULK,P001926,"SLOUKAS, KOSTAS",2FGM,Two Pointer,2,2.36734693877551,6.370918367346939,G,0,0,0,14,06:53,24,28,20190519155956,2,787,TRUE,ULK,MAD
2018,259,180,MAD,P009005,"DECK, GABRIEL",3FGM,Three Pointer,3,3.3877551020408165,8.54438775510204,I,0,0,0,14,06:40,24,31,20190519160158,2,800,TRUE,ULK,MAD
2018,259,182,ULK,P000925,"VESELY, JAN",2FGA,Missed Two Pointer,0,1.2755102040816326,2.8505102040816324,C,0,0,0,14,06:20,24,31,20190519160218,2,820,FALSE,ULK,MAD
2018,259,184,MAD,P001392,"CAUSEUR, FABIEN",3FGA,Missed Three Pointer,0,-6.459183673469388,5.6056122448979595,H,0,0,0,14,06:01,24,31,20190519160237,2,839,FALSE,ULK,MAD
2018,259,187,MAD,P001392,"CAUSEUR, FABIEN",3FGA,Missed Three Pointer,0,-3.3877551020408165,8.483163265306121,H,0,0,0,15,05:58,24,31,20190519160253,2,842,FALSE,ULK,MAD
2018,259,189,ULK,P000925,"VESELY, JAN",2FGM,Two Pointer,2,0.37755102040816324,7.075,G,0,0,0,15,05:28,26,31,20190519160320,2,872,TRUE,ULK,MAD
2018,259,202,ULK,P004004,"GUDURIC, MARKO",3FGM,Three Pointer,3,-5.112244897959184,7.0137755102040815,H,0,0,1,16,04:42,29,31,20190519160543,2,918,TRUE,ULK,MAD
2018,259,205,MAD,PTGB,"LLULL, SERGIO",2FGA,Missed Two Pointer,0,3.3877551020408165,3.748469387755102,E,0,0,0,16,04:23,29,31,20190519160625,2,937,FALSE,ULK,MAD
2018,259,207,ULK,P002849,"MELLI, NICOLO",3FGM,Three Pointer,3,6.775510204081633,3.105612244897959,I,0,0,0,16,04:01,32,31,20190519160647,2,959,TRUE,ULK,MAD
2018,259,216,ULK,P000925,"VESELY, JAN",2FGA,Missed Two Pointer,0,2.4285714285714284,5.983163265306122,G,0,0,0,17,03:31,32,33,20190519160824,2,989,FALSE,ULK,MAD
2018,259,218,MAD,P001392,"CAUSEUR, FABIEN",3FGM,Three Pointer,3,-6.714285714285714,4.391326530612245,H,1,0,0,17,03:22,32,36,20190519160833,2,998,TRUE,ULK,MAD
2018,259,233,MAD,PTGB,"LLULL, SERGIO",2FGA,Missed Two Pointer,0,-0.37755102040816324,2.1464285714285714,B,0,0,0,18,02:42,34,36,20190519161222,2,1038,FALSE,ULK,MAD
2018,259,235,ULK,P004866,"KALINIC, NIKOLA",2FGA,Missed Two Pointer,0,-0.25510204081632654,6.177040816326531,F,0,0,0,18,02:21,34,36,20190519161244,2,1059,FALSE,ULK,MAD
2018,259,237,MAD,PBMT,"FERNANDEZ, RUDY",3FGA,Missed Three Pointer,0,-4.73469387755102,8.228061224489796,H,0,0,0,18,02:07,34,36,20190519161258,2,1073,FALSE,ULK,MAD
2018,259,251,ULK,P002969,"MAHMUTOGLU, MELIH",2FGM,Two Pointer,2,3.13265306122449,4.5137755102040815,E,0,0,1,19,01:46,36,36,20190519161411,2,1094,TRUE,ULK,MAD
2018,259,252,MAD,P001392,"CAUSEUR, FABIEN",3FGA,Missed Three Pointer,0,-5.438775510204081,6.881122448979592,H,0,0,0,19,01:18,36,36,20190519161437,2,1122,FALSE,ULK,MAD
2018,259,265,ULK,P001926,"SLOUKAS, KOSTAS",2FGM,Two Pointer,2,-1.1428571428571428,2.279081632653061,B,0,0,0,20,00:34,40,38,20190519161655,2,1166,TRUE,ULK,MAD
2018,259,275,ULK,P004004,"GUDURIC, MARKO",3FGA,Missed Three Pointer,0,1.663265306122449,8.932142857142857,I,0,0,0,20,00:02,40,38,20190519161901,2,1198,FALSE,ULK,MAD
2018,259,284,MAD,P005836,"THOMPKINS, TREY",3FGM,Three Pointer,3,6.520408163265306,5.095408163265306,I,0,0,1,21,09:33,40,41,20190519163504,3,1227,TRUE,ULK,MAD
2018,259,286,ULK,P002969,"MAHMUTOGLU, MELIH",2FGA,Missed Two Pointer,0,1.2142857142857142,2.401530612244898,C,0,0,0,21,09:29,40,41,20190519163521,3,1231,FALSE,ULK,MAD
2018,259,291,MAD,P001960,"CARROLL, JAYCEE",3FGA,Missed Three Pointer,0,6.459183673469388,4.575,I,0,0,0,22,08:50,40,41,20190519163604,3,1270,FALSE,ULK,MAD
2018,259,293,ULK,P006399,"DUVERIOGLU, AHMET",2FGA,Missed Two Pointer,0,0.7653061224489796,1.3198979591836735,A,0,0,0,22,08:42,40,41,20190519163620,3,1278,FALSE,ULK,MAD
2018,259,299,ULK,P004866,"KALINIC, NIKOLA",3FGM,Three Pointer,3,4.224489795918367,7.84030612244898,I,0,1,0,22,08:17,43,41,20190519163657,3,1303,TRUE,ULK,MAD
2018,259,302,MAD,P005836,"THOMPKINS, TREY",2FGA,Missed Two Pointer,0,-0.7040816326530612,3.554591836734694,B,0,0,0,23,07:53,43,41,20190519163722,3,1327,FALSE,ULK,MAD
2018,259,304,MAD,P005927,"AYON, GUSTAVO",2FGM,Two Pointer,2,-0.4387755102040816,2.7178571428571425,B,0,1,0,23,07:50,43,43,20190519163725,3,1330,TRUE,ULK,MAD
2018,259,307,MAD,P005927,"AYON, GUSTAVO",2FGM,Two Pointer,2,1.2142857142857142,2.1464285714285714,C,1,0,1,23,07:33,43,45,20190519163742,3,1347,TRUE,ULK,MAD
2018,259,309,ULK,P002969,"MAHMUTOGLU, MELIH",2FGM,Two Pointer,2,-1.1428571428571428,1.8301020408163264,B,0,0,0,23,07:14,45,45,20190519163800,3,1366,TRUE,ULK,MAD
2018,259,312,MAD,P005927,"AYON, GUSTAVO",2FGM,Two Pointer,2,-1.0816326530612246,2.0137755102040815,B,0,0,0,23,07:00,45,47,20190519163838,3,1380,TRUE,ULK,MAD
2018,259,315,ULK,P001926,"SLOUKAS, KOSTAS",3FGA,Missed Three Pointer,0,3.9591836734693877,8.615816326530611,I,0,0,0,24,06:39,45,47,20190519163853,3,1401,FALSE,ULK,MAD
2018,259,319,ULK,P002969,"MAHMUTOGLU, MELIH",3FGM,Three Pointer,3,5.3061224489795915,6.94234693877551,I,1,0,1,24,06:32,48,47,20190519163900,3,1408,TRUE,ULK,MAD
2018,259,320,MAD,P005927,"AYON, GUSTAVO",2FGM,Two Pointer,2,-1.1428571428571428,2.085204081632653,B,0,0,0,24,06:21,48,49,20190519163912,3,1419,TRUE,ULK,MAD
2018,259,331,MAD,P005836,"THOMPKINS, TREY",2FGM,Two Pointer,2,-6.591836734693878,5.156632653061225,H,0,0,1,25,05:47,48,53,20190519164112,3,1453,TRUE,ULK,MAD
2018,259,333,ULK,P006399,"DUVERIOGLU, AHMET",2FGM,Two Pointer,2,1.336734693877551,2.6566326530612248,C,0,0,0,25,05:17,50,53,20190519164133,3,1483,TRUE,ULK,MAD
2018,259,335,MAD,P005836,"THOMPKINS, TREY",3FGM,Three Pointer,3,-6.908163265306122,2.983163265306122,H,0,0,0,25,05:06,50,56,20190519164145,3,1494,TRUE,ULK,MAD
2018,259,338,ULK,P004004,"GUDURIC, MARKO",3FGM,Three Pointer,3,-4.285714285714286,7.391326530612245,H,0,0,0,26,04:46,53,56,20190519164205,3,1514,TRUE,ULK,MAD
2018,259,340,MAD,P005836,"THOMPKINS, TREY",2FGA,Missed Two Pointer,0,-1.5918367346938775,3.105612244897959,B,0,0,0,26,04:34,53,56,20190519164217,3,1526,FALSE,ULK,MAD
2018,259,344,ULK,P001926,"SLOUKAS, KOSTAS",3FGM,Three Pointer,3,6.010204081632653,5.860714285714286,I,0,0,0,26,04:24,56,56,20190519164227,3,1536,TRUE,ULK,MAD
2018,259,350,ULK,P001926,"SLOUKAS, KOSTAS",3FGM,Three Pointer,3,5.887755102040816,6.054591836734694,I,0,0,1,26,04:04,59,56,20190519164531,3,1556,TRUE,ULK,MAD
2018,259,357,MAD,P005836,"THOMPKINS, TREY",2FGA,Missed Two Pointer,0,-1.4081632653061225,2.0137755102040815,B,0,0,0,27,03:23,59,56,20190519164606,3,1597,FALSE,ULK,MAD
2018,259,363,MAD,P005927,"AYON, GUSTAVO",2FGM,Two Pointer,2,-1.663265306122449,2.7178571428571425,B,0,0,1,28,02:49,60,58,20190519164752,3,1631,TRUE,ULK,MAD
2018,259,375,MAD,P005928,"CAMPAZZO, FACUNDO",3FGM,Three Pointer,3,-5.6938775510204085,6.370918367346939,H,0,0,0,28,02:04,61,61,20190519165001,3,1676,TRUE,ULK,MAD
2018,259,379,MAD,P005928,"CAMPAZZO, FACUNDO",2FGA,Missed Two Pointer,0,-1.5918367346938775,2.5341836734693874,B,0,0,0,29,01:42,61,61,20190519165024,3,1698,FALSE,ULK,MAD
2018,259,383,MAD,P005927,"AYON, GUSTAVO",2FGM,Two Pointer,2,-0.826530612244898,1.8301020408163264,B,1,1,0,29,01:37,61,63,20190519165029,3,1703,TRUE,ULK,MAD
2018,259,384,ULK,P001926,"SLOUKAS, KOSTAS",3FGA,Missed Three Pointer,0,-3.5816326530612246,8.095408163265306,H,0,0,0,29,01:27,61,63,20190519165039,3,1713,FALSE,ULK,MAD
2018,259,386,MAD,P005928,"CAMPAZZO, FACUNDO",2FGM,Two Pointer,2,-1.336734693877551,1.758673469387755,B,0,0,0,29,01:06,61,65,20190519165059,3,1734,TRUE,ULK,MAD
2018,259,396,ULK,P002969,"MAHMUTOGLU, MELIH",2FGA,Missed Two Pointer,0,-5.5,2.7178571428571425,F,0,0,0,30,00:48,61,65,20190519165241,3,1752,FALSE,ULK,MAD
2018,259,402,ULK,P000494,"GULER, SINAN",2FGM,Two Pointer,2,-3.704081632653061,5.6056122448979595,F,0,0,0,30,00:21,63,67,20190519165401,3,1779,TRUE,ULK,MAD
2018,259,403,MAD,P005927,"AYON, GUSTAVO",2FGM,Two Pointer,2,-1.0816326530612246,1.8913265306122449,B,0,0,0,30,00:02,63,69,20190519165421,3,1798,TRUE,ULK,MAD
2018,259,405,ULK,P002969,"MAHMUTOGLU, MELIH",3FGA,Missed Three Pointer,0,5.561224489795919,13.289285714285713,I,0,0,0,30,00:00,63,69,20190519165426,3,1800,FALSE,ULK,MAD
2018,259,409,MAD,PTGB,"LLULL, SERGIO",2FGA,Missed Two Pointer,0,-1.0816326530612246,7.075,F,0,0,0,31,09:45,63,69,20190519165655,4,1815,FALSE,ULK,MAD
2018,259,411,ULK,P000494,"GULER, SINAN",2FGA,Missed Two Pointer,0,4.285714285714286,5.5341836734693874,G,0,0,0,31,09:33,63,69,20190519165707,4,1827,FALSE,ULK,MAD
2018,259,413,MAD,P005836,"THOMPKINS, TREY",3FGA,Missed Three Pointer,0,-7.040816326530612,0.8709183673469387,H,0,0,0,31,09:10,63,69,20190519165732,4,1850,FALSE,ULK,MAD
2018,259,416,MAD,P001392,"CAUSEUR, FABIEN",3FGM,Three Pointer,3,4.285714285714286,7.717857142857143,I,0,1,0,32,08:54,63,72,20190519165748,4,1866,TRUE,ULK,MAD
2018,259,418,ULK,P004866,"KALINIC, NIKOLA",3FGA,Missed Three Pointer,0,-4.795918367346939,7.391326530612245,H,0,0,0,32,08:35,63,72,20190519165805,4,1885,FALSE,ULK,MAD
2018,259,420,MAD,P005836,"THOMPKINS, TREY",2FGM,Two Pointer,2,-1.2755102040816326,1.9525510204081633,B,0,0,0,32,08:26,63,74,20190519165823,4,1894,TRUE,ULK,MAD
2018,259,424,ULK,P004866,"KALINIC, NIKOLA",3FGA,Missed Three Pointer,0,6.775510204081633,4.391326530612245,I,0,0,0,33,07:57,63,74,20190519170014,4,1923,FALSE,ULK,MAD
2018,259,430,MAD,P001392,"CAUSEUR, FABIEN",2FGM,Two Pointer,2,0.7040816326530612,3.044387755102041,C,0,0,0,33,07:28,63,76,20190519170112,4,1952,TRUE,ULK,MAD
2018,259,437,ULK,P002969,"MAHMUTOGLU, MELIH",3FGA,Missed Three Pointer,0,4.928571428571429,9.503571428571428,I,0,0,0,33,07:04,63,77,20190519170214,4,1976,FALSE,ULK,MAD
2018,259,440,MAD,P001392,"CAUSEUR, FABIEN",2FGA,Missed Two Pointer,0,0.5102040816326531,3.748469387755102,C,0,0,0,34,06:39,63,77,20190519170301,4,2001,FALSE,ULK,MAD
2018,259,442,ULK,P000494,"GULER, SINAN",2FGA,Missed Two Pointer,0,-1.336734693877551,2.401530612244898,B,0,0,0,34,06:20,63,77,20190519170320,4,2020,FALSE,ULK,MAD
2018,259,446,ULK,P005159,"GREEN, ERICK",3FGA,Missed Three Pointer,0,0.4387755102040816,9.38112244897959,I,0,0,0,34,06:13,63,77,20190519170327,4,2027,FALSE,ULK,MAD
2018,259,448,MAD,P001392,"CAUSEUR, FABIEN",2FGM,Two Pointer,2,-0.826530612244898,1.8913265306122449,B,1,0,0,34,06:07,63,79,20190519170334,4,2033,TRUE,ULK,MAD
2018,259,459,MAD,PTGB,"LLULL, SERGIO",3FGA,Missed Three Pointer,0,-2.173469387755102,9.636224489795918,H,0,0,0,35,05:23,63,79,20190519170600,4,2077,FALSE,ULK,MAD
2018,259,461,MAD,P005928,"CAMPAZZO, FACUNDO",2FGM,Two Pointer,2,-1.336734693877551,1.8301020408163264,B,0,1,1,35,05:09,63,81,20190519170614,4,2091,TRUE,ULK,MAD
2018,259,463,ULK,P001926,"SLOUKAS, KOSTAS",3FGA,Missed Three Pointer,0,-3.2551020408163267,8.738265306122448,H,0,0,0,36,04:41,63,81,20190519170642,4,2119,FALSE,ULK,MAD
2018,259,465,ULK,P006399,"DUVERIOGLU, AHMET",2FGA,Missed Two Pointer,0,1.2755102040816326,2.983163265306122,C,0,0,0,36,04:38,63,81,20190519170649,4,2122,FALSE,ULK,MAD
2018,259,467,ULK,P004004,"GUDURIC, MARKO",3FGA,Missed Three Pointer,0,-1.663265306122449,9.503571428571428,H,0,0,0,36,04:38,63,81,20190519170654,4,2122,FALSE,ULK,MAD
2018,259,474,ULK,P004004,"GUDURIC, MARKO",3FGA,Missed Three Pointer,0,-4.285714285714286,7.97295918367347,H,0,0,0,36,04:01,63,81,20190519170800,4,2159,FALSE,ULK,MAD
2018,259,492,ULK,P005159,"GREEN, ERICK",2FGM,Two Pointer,2,1.2142857142857142,5.983163265306122,G,0,0,0,37,03:32,65,84,20190519171114,4,2188,TRUE,ULK,MAD
2018,259,493,MAD,P005368,"YUSTA, SANTI",2FGM,Two Pointer,2,-1.336734693877551,1.8301020408163264,B,0,0,0,37,03:17,65,86,20190519171130,4,2203,TRUE,ULK,MAD
2018,259,499,ULK,P002969,"MAHMUTOGLU, MELIH",3FGM,Three Pointer,3,-3.193877551020408,8.615816326530611,H,0,0,0,37,03:16,68,86,20190519171357,4,2204,TRUE,ULK,MAD
2018,259,502,MAD,P005836,"THOMPKINS, TREY",2FGA,Missed Two Pointer,0,-4.540816326530612,2.5341836734693874,F,0,0,0,38,02:48,68,86,20190519171416,4,2232,FALSE,ULK,MAD
2018,259,505,MAD,P001960,"CARROLL, JAYCEE",2FGM,Two Pointer,2,-0.6326530612244898,3.044387755102041,B,0,0,1,38,02:20,68,88,20190519171454,4,2260,TRUE,ULK,MAD
2018,259,506,ULK,P002969,"MAHMUTOGLU, MELIH",3FGM,Three Pointer,3,4.663265306122449,9.187244897959184,I,0,0,0,38,02:04,71,88,20190519171510,4,2276,TRUE,ULK,MAD
2018,259,509,MAD,P001960,"CARROLL, JAYCEE",3FGM,Three Pointer,3,6.3979591836734695,6.054591836734694,I,0,0,0,39,01:46,71,91,20190519171529,4,2294,TRUE,ULK,MAD
2018,259,513,ULK,P006399,"DUVERIOGLU, AHMET",2FGM,Two Pointer,2,0.1836734693877551,1.6362244897959184,A,0,0,0,39,01:41,73,91,20190519171603,4,2299,TRUE,ULK,MAD
2018,259,515,MAD,P002661,"PREPELIC, KLEMEN",3FGM,Three Pointer,3,-5.36734693877551,8.67704081632653,H,0,0,0,39,01:09,73,94,20190519171625,4,2331,TRUE,ULK,MAD
2018,259,518,ULK,P001926,"SLOUKAS, KOSTAS",2FGM,Two Pointer,2,-0.4387755102040816,2.911734693877551,B,0,0,0,40,00:57,75,94,20190519171641,4,2343,TRUE,ULK,MAD
2018,259,519,MAD,P005368,"YUSTA, SANTI",2FGA,Missed Two Pointer,0,1.2142857142857142,2.7178571428571425,C,0,0,0,40,00:44,75,94,20190519171715,4,2356,FALSE,ULK,MAD
2018,259,521,ULK,P006961,"BIBEROVIC, TARIK",3FGA,Missed Three Pointer,0,-0.25510204081632654,9.575,H,0,0,0,40,00:20,75,94,20190519171732,4,2380,FALSE,ULK,MAD
2018,260,5,IST,P005938,"ANDERSON, JAMES",3FGM,Three Pointer,3,-4.989795918367347,6.758673469387755,H,0,0,0,1,09:42,3,0,20190519183118,1,18,TRUE,IST,CSK
2018,260,7,CSK,PJLX,"KURBANOV, NIKITA",3FGM,Three Pointer,3,2.2346938775510203,8.993367346938776,I,0,0,0,1,09:27,3,3,20190519183135,1,33,TRUE,IST,CSK
2018,260,9,IST,P007200,"LARKIN, SHANE",2FGM,Two Pointer,2,1.0204081632653061,1.8301020408163264,C,0,0,0,1,09:06,5,3,20190519183153,1,54,TRUE,IST,CSK
2018,260,11,CSK,P005160,"HUNTER, OTHELLO",2FGA,Missed Two Pointer,0,2.489795918367347,2.1464285714285714,C,0,0,0,2,08:40,5,3,20190519183220,1,80,FALSE,IST,CSK
2018,260,13,IST,P002580,"MICIC, VASILIJE",2FGM,Two Pointer,2,-0.8877551020408163,2.3403061224489794,B,0,0,0,2,08:28,7,3,20190519183232,1,92,TRUE,IST,CSK
2018,260,16,CSK,P002100,"DE COLO, NANDO",2FGM,Two Pointer,2,2.2346938775510203,2.401530612244898,C,0,0,0,2,08:04,7,5,20190519183315,1,116,TRUE,IST,CSK
2018,260,20,CSK,PJLX,"KURBANOV, NIKITA",2FGM,Two Pointer,2,1.336734693877551,2.1464285714285714,C,1,0,1,3,07:36,7,7,20190519183344,1,144,TRUE,IST,CSK
2018,260,21,IST,P002580,"MICIC, VASILIJE",2FGA,Missed Two Pointer,0,4.989795918367347,4.391326530612245,G,0,0,0,3,07:25,7,7,20190519183412,1,155,FALSE,IST,CSK
2018,260,23,CSK,P004888,"CLYBURN, WILL",2FGA,Missed Two Pointer,0,-0.061224489795918366,3.3607142857142858,B,0,0,0,3,07:05,7,7,20190519183430,1,175,FALSE,IST,CSK
2018,260,26,IST,P007200,"LARKIN, SHANE",3FGM,Three Pointer,3,0.3163265306122449,9.319897959183674,I,0,0,0,4,06:50,10,7,20190519183446,1,190,TRUE,IST,CSK
2018,260,28,CSK,P004888,"CLYBURN, WILL",3FGM,Three Pointer,3,5.112244897959184,6.758673469387755,I,0,0,0,4,06:26,10,10,20190519183510,1,214,TRUE,IST,CSK
2018,260,29,IST,P005938,"ANDERSON, JAMES",2FGM,Two Pointer,2,1.336734693877551,2.279081632653061,C,0,0,0,4,06:09,12,10,20190519183546,1,231,TRUE,IST,CSK
2018,260,31,CSK,P004888,"CLYBURN, WILL",2FGA,Missed Two Pointer,0,0.9591836734693877,2.7178571428571425,C,0,0,0,5,05:55,12,10,20190519183601,1,245,FALSE,IST,CSK
2018,260,36,CSK,P001844,"HACKETT, DANIEL",3FGA,Missed Three Pointer,0,4.6020408163265305,7.391326530612245,I,0,0,0,5,05:25,12,10,20190519183648,1,275,FALSE,IST,CSK
2018,260,39,CSK,P005160,"HUNTER, OTHELLO",2FGM,Two Pointer,2,0.061224489795918366,1.4525510204081633,A,0,1,1,5,05:09,12,12,20190519183804,1,291,TRUE,IST,CSK
2018,260,46,IST,P005938,"ANDERSON, JAMES",2FGM,Two Pointer,2,-4.540816326530612,5.2178571428571425,F,0,0,0,6,04:51,14,12,20190519183901,1,309,TRUE,IST,CSK
2018,260,47,CSK,P006450,"HIGGINS, CORY",3FGM,Three Pointer,3,5.816326530612245,5.728061224489796,I,0,0,0,6,04:27,14,15,20190519183924,1,333,TRUE,IST,CSK
2018,260,49,IST,P001833,"MOERMAN, ADRIEN",3FGA,Missed Three Pointer,0,4.153061224489796,8.166836734693877,I,0,0,0,6,04:10,14,15,20190519183941,1,350,FALSE,IST,CSK
2018,260,52,CSK,P004888,"CLYBURN, WILL",2FGA,Missed Two Pointer,0,-1.0204081632653061,2.0137755102040815,B,0,0,0,7,03:52,14,15,20190519184001,1,368,FALSE,IST,CSK
2018,260,58,CSK,P006450,"HIGGINS, CORY",3FGM,Three Pointer,3,1.5918367346938775,8.67704081632653,I,0,0,1,7,03:25,14,18,20190519184208,1,395,TRUE,IST,CSK
2018,260,59,IST,P007200,"LARKIN, SHANE",3FGM,Three Pointer,3,4.989795918367347,9.503571428571428,I,0,0,0,7,03:08,17,18,20190519184226,1,412,TRUE,IST,CSK
2018,260,61,CSK,P004888,"CLYBURN, WILL",2FGM,Two Pointer,2,-1.663265306122449,2.401530612244898,B,0,0,0,8,02:52,17,20,20190519184242,1,428,TRUE,IST,CSK
2018,260,67,IST,P007200,"LARKIN, SHANE",3FGA,Missed Three Pointer,0,-2.683673469387755,9.44234693877551,H,0,0,0,8,02:39,17,21,20190519184336,1,441,FALSE,IST,CSK
2018,260,71,IST,P007200,"LARKIN, SHANE",2FGA,Missed Two Pointer,0,1.846938775510204,2.401530612244898,C,0,0,0,8,02:21,17,21,20190519184417,1,459,FALSE,IST,CSK
2018,260,75,CSK,P002100,"DE COLO, NANDO",3FGA,Missed Three Pointer,0,-5.438775510204081,7.0137755102040815,H,0,0,0,8,02:08,17,21,20190519184430,1,472,FALSE,IST,CSK
2018,260,78,CSK,P001844,"HACKETT, DANIEL",3FGM,Three Pointer,3,-1.4081632653061225,8.870918367346938,H,0,1,0,9,01:55,17,24,20190519184444,1,485,TRUE,IST,CSK
2018,260,79,IST,P002580,"MICIC, VASILIJE",3FGA,Missed Three Pointer,0,3.704081632653061,8.799489795918367,I,0,0,0,9,01:38,17,24,20190519184500,1,502,FALSE,IST,CSK
2018,260,92,IST,P006590,"BEAUBOIS, RODRIGUE",2FGA,Missed Two Pointer,0,3.9591836734693877,4.5137755102040815,G,0,0,0,9,01:07,17,26,20190519184814,1,533,FALSE,IST,CSK
2018,260,95,CSK,P006450,"HIGGINS, CORY",3FGM,Three Pointer,3,5.3061224489795915,6.370918367346939,I,0,0,0,10,00:49,17,29,20190519184832,1,551,TRUE,IST,CSK
2018,260,105,IST,P006590,"BEAUBOIS, RODRIGUE",3FGM,Three Pointer,3,-0.826530612244898,9.319897959183674,H,0,0,0,10,00:24,20,29,20190519184939,1,576,TRUE,IST,CSK
2018,260,109,IST,P006590,"BEAUBOIS, RODRIGUE",2FGA,Missed Two Pointer,0,1.469387755102041,3.105612244897959,C,0,0,0,11,09:40,20,29,20190519185311,2,620,FALSE,IST,CSK
2018,260,111,IST,PCPR,"SIMON, KRUNOSLAV",2FGA,Missed Two Pointer,0,-0.061224489795918366,3.3607142857142858,B,0,0,0,11,09:37,20,29,20190519185314,2,623,FALSE,IST,CSK
2018,260,115,CSK,PCVM,"RODRIGUEZ, SERGIO",3FGM,Three Pointer,3,-5.948979591836735,6.564795918367347,H,0,0,0,11,09:15,20,32,20190519185359,2,645,TRUE,IST,CSK
2018,260,120,IST,PLHK,"PLEISS, TIBOR",2FGA,Missed Two Pointer,0,-1.663265306122449,2.6566326530612248,B,0,0,0,12,08:56,20,32,20190519185441,2,664,FALSE,IST,CSK
2018,260,123,IST,P006590,"BEAUBOIS, RODRIGUE",2FGA,Missed Two Pointer,0,-1.5918367346938775,2.6566326530612248,B,0,0,0,12,08:38,20,32,20190519185507,2,682,FALSE,IST,CSK
2018,260,125,CSK,P006450,"HIGGINS, CORY",2FGA,Missed Two Pointer,0,-0.061224489795918366,2.983163265306122,B,0,0,0,12,08:14,20,32,20190519185531,2,706,FALSE,IST,CSK
2018,260,127,CSK,P009035,"BOLOMBOY, JOEL",2FGA,Missed Two Pointer,0,0.4387755102040816,2.8505102040816324,C,0,0,0,12,08:13,20,32,20190519185535,2,707,FALSE,IST,CSK
2018,260,134,IST,P006599,"MOTUM, BROCK",3FGA,Missed Three Pointer,0,4.663265306122449,7.911734693877551,I,0,0,0,13,07:54,20,32,20190519185615,2,726,FALSE,IST,CSK
2018,260,136,CSK,P002812,"HINES, KYLE",2FGA,Missed Two Pointer,0,1.336734693877551,2.5341836734693874,C,0,0,0,13,07:37,20,32,20190519185632,2,743,FALSE,IST,CSK
2018,260,138,CSK,P002812,"HINES, KYLE",2FGM,Two Pointer,2,-0.826530612244898,2.1464285714285714,B,0,1,0,13,07:31,20,34,20190519185638,2,749,TRUE,IST,CSK
2018,260,139,IST,PCPR,"SIMON, KRUNOSLAV",2FGA,Missed Two Pointer,0,-0.7040816326530612,3.8096938775510205,D,0,0,0,13,07:09,20,34,20190519185659,2,771,FALSE,IST,CSK
2018,260,141,IST,PCPR,"SIMON, KRUNOSLAV",2FGA,Missed Two Pointer,0,-0.3163265306122449,2.911734693877551,B,0,0,0,13,07:07,20,34,20190519185703,2,773,FALSE,IST,CSK
2018,260,146,CSK,PCVM,"RODRIGUEZ, SERGIO",2FGA,Missed Two Pointer,0,-3.3877551020408165,2.911734693877551,D,0,0,0,14,06:52,20,34,20190519185738,2,788,FALSE,IST,CSK
2018,260,152,IST,P006599,"MOTUM, BROCK",2FGA,Missed Two Pointer,0,0.5102040816326531,3.554591836734694,C,0,0,0,14,06:38,22,34,20190519185900,2,802,FALSE,IST,CSK
2018,260,154,IST,P006599,"MOTUM, BROCK",2FGM,Two Pointer,2,1.0204081632653061,2.7178571428571425,C,0,1,0,14,06:38,24,34,20190519185903,2,802,TRUE,IST,CSK
2018,260,167,IST,P003048,"DUNSTON, BRYANT",2FGM,Two Pointer,2,-0.12244897959183673,2.983163265306122,B,0,0,1,15,05:55,26,34,20190519190133,2,845,TRUE,IST,CSK
2018,260,169,CSK,P004888,"CLYBURN, WILL",3FGM,Three Pointer,3,-6.459183673469388,5.350510204081632,H,0,0,0,15,05:41,26,37,20190519190149,2,859,TRUE,IST,CSK
2018,260,171,IST,P007200,"LARKIN, SHANE",3FGA,Missed Three Pointer,0,-3.642857142857143,8.738265306122448,H,0,0,0,15,05:27,26,37,20190519190208,2,873,FALSE,IST,CSK
2018,260,173,CSK,P002100,"DE COLO, NANDO",2FGM,Two Pointer,2,0.25510204081632654,2.279081632653061,C,1,0,0,15,05:10,26,39,20190519190217,2,890,TRUE,IST,CSK
2018,260,185,CSK,P006450,"HIGGINS, CORY",2FGM,Two Pointer,2,-0.7653061224489796,2.6566326530612248,B,0,0,0,16,04:43,28,41,20190519190414,2,917,TRUE,IST,CSK
2018,260,187,IST,P007200,"LARKIN, SHANE",3FGA,Missed Three Pointer,0,5.561224489795919,7.268877551020409,I,0,0,0,16,04:22,28,41,20190519190434,2,938,FALSE,IST,CSK
2018,260,191,CSK,P006450,"HIGGINS, CORY",3FGA,Missed Three Pointer,0,-5.755102040816326,6.370918367346939,H,0,0,0,16,04:01,28,41,20190519190513,2,959,FALSE,IST,CSK
2018,260,199,CSK,P001844,"HACKETT, DANIEL",2FGA,Missed Two Pointer,0,-1.336734693877551,2.1464285714285714,B,0,0,0,17,03:47,29,41,20190519190631,2,973,FALSE,IST,CSK
2018,260,201,IST,P002580,"MICIC, VASILIJE",3FGA,Missed Three Pointer,0,0.25510204081632654,9.44234693877551,I,0,0,0,17,03:33,29,41,20190519190639,2,987,FALSE,IST,CSK
2018,260,203,IST,P006599,"MOTUM, BROCK",2FGA,Missed Two Pointer,0,1.530612244897959,2.789285714285714,C,0,0,0,17,03:29,29,41,20190519190643,2,991,FALSE,IST,CSK
2018,260,215,CSK,P004888,"CLYBURN, WILL",3FGA,Missed Three Pointer,0,1.7244897959183674,8.870918367346938,I,0,0,0,17,03:11,31,41,20190519190801,2,1009,FALSE,IST,CSK
2018,260,217,IST,PCPR,"SIMON, KRUNOSLAV",2FGA,Missed Two Pointer,0,-1.7244897959183674,2.20765306122449,B,0,0,0,17,03:01,31,41,20190519190810,2,1019,FALSE,IST,CSK
2018,260,220,IST,PCPR,"SIMON, KRUNOSLAV",3FGM,Three Pointer,3,-4.479591836734694,8.095408163265306,H,0,1,0,18,02:48,34,41,20190519190824,2,1032,TRUE,IST,CSK
2018,260,225,CSK,P006450,"HIGGINS, CORY",2FGA,Missed Two Pointer,0,-2.173469387755102,3.044387755102041,D,0,0,0,18,02:32,34,41,20190519191018,2,1048,FALSE,IST,CSK
2018,260,227,IST,PCPR,"SIMON, KRUNOSLAV",3FGA,Missed Three Pointer,0,-3.5816326530612246,8.421938775510204,H,0,0,0,18,02:25,34,41,20190519191037,2,1055,FALSE,IST,CSK
2018,260,229,IST,PCPR,"SIMON, KRUNOSLAV",2FGM,Two Pointer,2,-0.3163265306122449,2.595408163265306,B,0,1,0,18,02:25,36,41,20190519191041,2,1055,TRUE,IST,CSK
2018,260,252,IST,P002580,"MICIC, VASILIJE",3FGM,Three Pointer,3,4.73469387755102,7.330102040816326,I,0,0,0,20,00:31,39,44,20190519191501,2,1169,TRUE,IST,CSK
2018,260,287,CSK,PJLX,"KURBANOV, NIKITA",2FGA,Missed Two Pointer,0,1.5918367346938775,2.5341836734693874,C,0,0,0,21,09:52,42,44,20190519193723,3,1208,FALSE,IST,CSK
2018,260,292,IST,PCPR,"SIMON, KRUNOSLAV",3FGM,Three Pointer,3,2.622448979591837,8.67704081632653,I,0,0,1,21,09:31,45,44,20190519193802,3,1229,TRUE,IST,CSK
2018,260,294,CSK,PJLX,"KURBANOV, NIKITA",3FGA,Missed Three Pointer,0,-4.408163265306122,8.034183673469387,H,0,0,0,21,09:18,45,44,20190519193816,3,1242,FALSE,IST,CSK
2018,260,301,IST,P002580,"MICIC, VASILIJE",3FGA,Missed Three Pointer,0,-5.5,7.20765306122449,H,0,0,0,22,08:58,45,44,20190519193855,3,1262,FALSE,IST,CSK
2018,260,303,CSK,P001844,"HACKETT, DANIEL",2FGM,Two Pointer,2,-1.2755102040816326,2.0137755102040815,B,0,0,0,22,08:50,45,46,20190519193904,3,1270,TRUE,IST,CSK
2018,260,310,CSK,PJLX,"KURBANOV, NIKITA",2FGM,Two Pointer,2,1.1428571428571428,2.7178571428571425,C,0,0,1,22,08:18,45,48,20190519194032,3,1302,TRUE,IST,CSK
2018,260,314,IST,PCPR,"SIMON, KRUNOSLAV",2FGA,Missed Two Pointer,0,-1.469387755102041,4.452551020408163,D,0,0,0,22,08:06,45,48,20190519194121,3,1314,FALSE,IST,CSK
2018,260,316,IST,PCPR,"SIMON, KRUNOSLAV",2FGM,Two Pointer,2,-0.5714285714285714,1.8301020408163264,B,0,1,0,22,08:06,47,48,20190519194123,3,1314,TRUE,IST,CSK
2018,260,318,CSK,P002100,"DE COLO, NANDO",3FGM,Three Pointer,3,-2.173469387755102,8.54438775510204,H,0,0,0,23,07:45,47,51,20190519194133,3,1335,TRUE,IST,CSK
2018,260,319,IST,P003048,"DUNSTON, BRYANT",2FGA,Missed Two Pointer,0,-1.469387755102041,1.8913265306122449,B,0,0,0,23,07:26,47,51,20190519194153,3,1354,FALSE,IST,CSK
2018,260,325,IST,P001833,"MOERMAN, ADRIEN",2FGA,Missed Two Pointer,0,1.0816326530612246,2.401530612244898,C,0,0,0,23,07:26,47,51,20190519194227,3,1354,FALSE,IST,CSK
2018,260,328,IST,P002580,"MICIC, VASILIJE",3FGA,Missed Three Pointer,0,5.948979591836735,5.728061224489796,I,0,0,0,23,07:22,47,51,20190519194250,3,1358,FALSE,IST,CSK
2018,260,339,IST,P007200,"LARKIN, SHANE",2FGM,Two Pointer,2,-3.13265306122449,5.411734693877551,F,0,0,1,24,06:51,49,51,20190519194420,3,1389,TRUE,IST,CSK
2018,260,346,CSK,P004888,"CLYBURN, WILL",3FGM,Three Pointer,3,-5.183673469387755,7.462755102040816,H,0,0,0,24,06:18,49,54,20190519194554,3,1422,TRUE,IST,CSK
2018,260,351,IST,PLHK,"PLEISS, TIBOR",2FGA,Missed Two Pointer,0,5.051020408163265,2.085204081632653,G,0,0,0,25,05:52,49,54,20190519194641,3,1448,FALSE,IST,CSK
2018,260,353,CSK,P002812,"HINES, KYLE",2FGM,Two Pointer,2,-1.0204081632653061,2.1464285714285714,B,0,0,0,25,05:40,49,56,20190519194656,3,1460,TRUE,IST,CSK
2018,260,360,IST,P001833,"MOERMAN, ADRIEN",3FGA,Missed Three Pointer,0,5.816326530612245,6.370918367346939,I,0,0,0,25,05:25,49,57,20190519194749,3,1475,FALSE,IST,CSK
2018,260,366,IST,P007200,"LARKIN, SHANE",3FGM,Three Pointer,3,-2.816326530612245,9.830102040816326,H,0,0,1,26,04:56,52,57,20190519194849,3,1504,TRUE,IST,CSK
2018,260,368,CSK,P006450,"HIGGINS, CORY",3FGM,Three Pointer,3,-5.112244897959184,7.268877551020409,H,0,0,0,26,04:44,52,60,20190519194906,3,1516,TRUE,IST,CSK
2018,260,370,IST,P007200,"LARKIN, SHANE",3FGA,Missed Three Pointer,0,5.63265306122449,7.0137755102040815,I,0,0,0,26,04:21,52,60,20190519194924,3,1539,FALSE,IST,CSK
2018,260,373,CSK,P004888,"CLYBURN, WILL",3FGM,Three Pointer,3,-5.36734693877551,7.0137755102040815,H,0,0,0,27,03:57,52,63,20190519194948,3,1563,TRUE,IST,CSK
2018,260,376,IST,PCPR,"SIMON, KRUNOSLAV",2FGA,Missed Two Pointer,0,5.3061224489795915,2.20765306122449,G,0,0,0,27,03:42,52,63,20190519195142,3,1578,FALSE,IST,CSK
2018,260,378,IST,P007200,"LARKIN, SHANE",2FGA,Missed Two Pointer,0,0.1836734693877551,2.911734693877551,C,0,0,0,27,03:26,52,63,20190519195233,3,1594,FALSE,IST,CSK
2018,260,380,IST,P006599,"MOTUM, BROCK",2FGM,Two Pointer,2,-1.4081632653061225,2.789285714285714,B,0,1,0,27,03:23,54,63,20190519195236,3,1597,TRUE,IST,CSK
2018,260,382,CSK,P002812,"HINES, KYLE",2FGM,Two Pointer,2,1.1428571428571428,2.401530612244898,C,0,0,0,28,02:52,54,65,20190519195331,3,1628,TRUE,IST,CSK
2018,260,383,IST,PLHK,"PLEISS, TIBOR",2FGA,Missed Two Pointer,0,1.4081632653061225,2.085204081632653,C,0,0,0,28,02:40,54,65,20190519195343,3,1640,FALSE,IST,CSK
2018,260,404,CSK,P005160,"HUNTER, OTHELLO",2FGM,Two Pointer,2,0.061224489795918366,3.105612244897959,C,0,0,1,29,01:50,54,68,20190519195654,3,1690,TRUE,IST,CSK
2018,260,406,IST,P002580,"MICIC, VASILIJE",3FGA,Missed Three Pointer,0,-4.6020408163265305,10.401530612244898,H,0,0,0,29,01:36,54,68,20190519195707,3,1704,FALSE,IST,CSK
2018,260,420,CSK,PCVM,"RODRIGUEZ, SERGIO",2FGA,Missed Two Pointer,0,0.12244897959183673,7.268877551020409,G,0,0,0,30,00:56,55,68,20190519195916,3,1744,FALSE,IST,CSK
2018,260,435,IST,P002580,"MICIC, VASILIJE",2FGM,Two Pointer,2,-1.4081632653061225,2.401530612244898,B,0,0,1,30,00:27,59,68,20190519200058,3,1773,TRUE,IST,CSK
2018,260,437,IST,P007200,"LARKIN, SHANE",3FGM,Three Pointer,3,-4.091836734693878,9.952551020408162,H,0,0,1,30,00:04,62,68,20190519200152,3,1796,TRUE,IST,CSK
2018,260,443,CSK,PCVM,"RODRIGUEZ, SERGIO",3FGM,Three Pointer,3,-4.285714285714286,8.095408163265306,H,0,0,0,31,09:47,62,71,20190519200437,4,1813,TRUE,IST,CSK
2018,260,445,IST,P002580,"MICIC, VASILIJE",3FGA,Missed Three Pointer,0,3.326530612244898,10.20765306122449,I,0,0,0,31,09:29,62,71,20190519200456,4,1831,FALSE,IST,CSK
2018,260,451,IST,PCPR,"SIMON, KRUNOSLAV",2FGA,Missed Two Pointer,0,1.846938775510204,2.401530612244898,C,0,0,0,31,09:16,62,71,20190519200529,4,1844,FALSE,IST,CSK
2018,260,453,IST,P003048,"DUNSTON, BRYANT",2FGM,Two Pointer,2,-1.0204081632653061,2.20765306122449,B,0,1,0,31,09:14,64,71,20190519200532,4,1846,TRUE,IST,CSK
2018,260,457,CSK,P001844,"HACKETT, DANIEL",2FGM,Two Pointer,2,-0.5102040816326531,2.911734693877551,B,0,0,0,32,08:49,64,73,20190519200619,4,1871,TRUE,IST,CSK
2018,260,462,IST,P002580,"MICIC, VASILIJE",3FGA,Missed Three Pointer,0,4.153061224489796,8.993367346938776,I,0,0,0,32,08:31,64,73,20190519200709,4,1889,FALSE,IST,CSK
2018,260,474,CSK,P001844,"HACKETT, DANIEL",3FGA,Missed Three Pointer,0,-2.4285714285714284,8.615816326530611,H,0,0,0,33,07:55,67,73,20190519201002,4,1925,FALSE,IST,CSK
2018,260,476,IST,P003048,"DUNSTON, BRYANT",2FGM,Two Pointer,2,0.1836734693877551,1.758673469387755,A,0,0,0,33,07:34,69,73,20190519201042,4,1946,TRUE,IST,CSK
2018,260,482,CSK,P002100,"DE COLO, NANDO",2FGM,Two Pointer,2,-0.9591836734693877,2.5341836734693874,B,0,0,0,33,07:12,69,75,20190519201136,4,1968,TRUE,IST,CSK
2018,260,485,IST,PCPR,"SIMON, KRUNOSLAV",2FGA,Missed Two Pointer,0,1.5918367346938775,4.319897959183673,E,0,0,0,34,06:43,69,75,20190519201202,4,1997,FALSE,IST,CSK
2018,260,489,IST,P001833,"MOERMAN, ADRIEN",2FGM,Two Pointer,2,0.12244897959183673,1.6974489795918366,A,1,0,1,34,06:23,71,75,20190519201230,4,2017,TRUE,IST,CSK
2018,260,492,CSK,P006450,"HIGGINS, CORY",2FGA,Missed Two Pointer,0,1.2142857142857142,2.3403061224489794,C,0,0,0,35,05:50,71,75,20190519201256,4,2050,FALSE,IST,CSK
2018,260,494,CSK,P002812,"HINES, KYLE",2FGM,Two Pointer,2,0.8877551020408163,2.911734693877551,C,0,1,0,35,05:47,71,77,20190519201300,4,2053,TRUE,IST,CSK
2018,260,499,IST,PCPR,"SIMON, KRUNOSLAV",3FGA,Missed Three Pointer,0,2.683673469387755,9.503571428571428,I,0,0,0,35,05:26,71,77,20190519201355,4,2074,FALSE,IST,CSK
2018,260,501,CSK,P002100,"DE COLO, NANDO",3FGM,Three Pointer,3,-2.877551020408163,8.67704081632653,H,0,0,0,35,05:15,71,80,20190519201414,4,2085,TRUE,IST,CSK
2018,260,504,IST,P007200,"LARKIN, SHANE",2FGA,Missed Two Pointer,0,-1.530612244897959,2.4627551020408163,B,0,0,0,36,04:48,71,80,20190519201431,4,2112,FALSE,IST,CSK
2018,260,511,CSK,P006450,"HIGGINS, CORY",2FGM,Two Pointer,2,0.9591836734693877,2.401530612244898,C,0,0,0,36,04:24,71,83,20190519201723,4,2136,TRUE,IST,CSK
2018,260,513,IST,PCPR,"SIMON, KRUNOSLAV",3FGM,Three Pointer,3,-0.12244897959183673,10.023979591836733,H,0,0,0,37,03:59,74,83,20190519201748,4,2161,TRUE,IST,CSK
2018,260,517,CSK,P004888,"CLYBURN, WILL",2FGA,Missed Two Pointer,0,-0.061224489795918366,3.299489795918367,B,0,0,0,37,03:39,74,83,20190519201953,4,2181,FALSE,IST,CSK
2018,260,523,IST,PCPR,"SIMON, KRUNOSLAV",3FGA,Missed Three Pointer,0,3,8.483163265306121,I,0,0,0,37,03:25,74,83,20190519202040,4,2195,FALSE,IST,CSK
2018,260,527,IST,P002580,"MICIC, VASILIJE",3FGM,Three Pointer,3,6.653061224489796,4.003571428571428,I,0,1,0,37,03:24,77,83,20190519202102,4,2196,TRUE,IST,CSK
2018,260,532,CSK,P004888,"CLYBURN, WILL",3FGA,Missed Three Pointer,0,-0.6326530612244898,9.575,H,0,0,0,38,02:56,77,83,20190519202153,4,2224,FALSE,IST,CSK
2018,260,537,CSK,P001844,"HACKETT, DANIEL",3FGA,Missed Three Pointer,0,-3.836734693877551,8.228061224489796,H,0,0,0,38,02:26,77,83,20190519202325,4,2254,FALSE,IST,CSK
2018,260,539,CSK,P004888,"CLYBURN, WILL",2FGM,Two Pointer,2,-1.1428571428571428,2.5341836734693874,B,0,1,1,38,02:26,77,85,20190519202328,4,2254,TRUE,IST,CSK
2018,260,551,IST,P007200,"LARKIN, SHANE",2FGM,Two Pointer,2,0.37755102040816324,2.4627551020408163,C,0,0,0,39,01:54,81,85,20190519202744,4,2286,TRUE,IST,CSK
2018,260,556,IST,P007200,"LARKIN, SHANE",3FGA,Missed Three Pointer,0,-5.755102040816326,6.758673469387755,H,0,0,0,39,01:26,81,87,20190519202928,4,2314,FALSE,IST,CSK
2018,260,558,CSK,P002812,"HINES, KYLE",2FGA,Missed Two Pointer,0,-4.6020408163265305,2.7178571428571425,F,0,0,0,39,01:03,81,87,20190519202951,4,2337,FALSE,IST,CSK
2018,260,561,IST,P007200,"LARKIN, SHANE",2FGA,Missed Two Pointer,0,-1.0204081632653061,3.044387755102041,B,0,0,0,40,00:53,81,87,20190519203001,4,2347,FALSE,IST,CSK
2018,260,563,IST,P003048,"DUNSTON, BRYANT",2FGA,Missed Two Pointer,0,0.1836734693877551,3.1668367346938773,C,0,0,0,40,00:46,81,87,20190519203009,4,2354,FALSE,IST,CSK
2018,260,565,IST,P002580,"MICIC, VASILIJE",2FGA,Missed Two Pointer,0,4.153061224489796,5.728061224489796,G,0,0,0,40,00:33,81,87,20190519203022,4,2367,FALSE,IST,CSK
2018,260,593,IST,P007200,"LARKIN, SHANE",3FGA,Missed Three Pointer,0,-1.530612244897959,10.401530612244898,H,0,0,0,40,00:12,83,91,20190519203750,4,2388,FALSE,IST,CSK
